,Sequences,Name,Activity,VHSE11,VHSE12,VHSE13,VHSE14,VHSE15,VHSE16,VHSE17,VHSE18,VHSE21,VHSE22,VHSE23,VHSE24,VHSE25,VHSE26,VHSE27,VHSE28,VHSE31,VHSE32,VHSE33,VHSE34,VHSE35,VHSE36,VHSE37,VHSE38,VHSE41,VHSE42,VHSE43,VHSE44,VHSE45,VHSE46,VHSE47,VHSE48,VHSE51,VHSE52,VHSE53,VHSE54,VHSE55,VHSE56,VHSE57,VHSE58,VHSE61,VHSE62,VHSE63,VHSE64,VHSE65,VHSE66,VHSE67,VHSE68,VHSE71,VHSE72,VHSE73,VHSE74,VHSE75,VHSE76,VHSE77,VHSE78,VHSE81,VHSE82,VHSE83,VHSE84,VHSE85,VHSE86,VHSE87,VHSE88,VHSE91,VHSE92,VHSE93,VHSE94,VHSE95,VHSE96,VHSE97,VHSE98,VHSE101,VHSE102,VHSE103,VHSE104,VHSE105,VHSE106,VHSE107,VHSE108,VHSE111,VHSE112,VHSE113,VHSE114,VHSE115,VHSE116,VHSE117,VHSE118,VHSE121,VHSE122,VHSE123,VHSE124,VHSE125,VHSE126,VHSE127,VHSE128,VHSE131,VHSE132,VHSE133,VHSE134,VHSE135,VHSE136,VHSE137,VHSE138,VHSE141,VHSE142,VHSE143,VHSE144,VHSE145,VHSE146,VHSE147,VHSE148,VHSE151,VHSE152,VHSE153,VHSE154,VHSE155,VHSE156,VHSE157,VHSE158,VHSE161,VHSE162,VHSE163,VHSE164,VHSE165,VHSE166,VHSE167,VHSE168,VHSE171,VHSE172,VHSE173,VHSE174,VHSE175,VHSE176,VHSE177,VHSE178,VHSE181,VHSE182,VHSE183,VHSE184,VHSE185,VHSE186,VHSE187,VHSE188,VHSE191,VHSE192,VHSE193,VHSE194,VHSE195,VHSE196,VHSE197,VHSE198,VHSE201,VHSE202,VHSE203,VHSE204,VHSE205,VHSE206,VHSE207,VHSE208
0,QNYTPGPGVRYPLTFGWCYK,cv-1,1,-0.96,0.12,0.18,0.16,0.09,0.42,-0.2,-0.41,-0.99,0.0,-0.37,0.69,-0.55,0.85,0.73,-0.8,0.61,1.6,1.17,0.73,0.53,0.25,-0.96,-0.52,-0.34,-0.51,-0.55,-1.06,0.01,-0.01,-0.79,0.39,0.22,-0.17,-0.5,0.05,-0.01,-1.34,-0.19,3.56,-0.2,-1.53,-2.63,2.28,-0.53,-1.18,2.01,-1.34,0.22,-0.17,-0.5,0.05,-0.01,-1.34,-0.19,3.56,-0.2,-1.53,-2.63,2.28,-0.53,-1.18,2.01,-1.34,0.76,-0.92,0.17,-1.91,0.22,-1.4,-0.24,-0.03,-1.47,1.45,1.24,1.27,1.55,1.47,1.3,0.83,0.61,1.6,1.17,0.73,0.53,0.25,-0.96,-0.52,0.22,-0.17,-0.5,0.05,-0.01,-1.34,-0.19,3.56,1.36,0.07,0.26,-0.8,0.22,-1.37,0.08,-0.62,-0.34,-0.51,-0.55,-1.06,0.01,-0.01,-0.79,0.39,1.52,0.61,0.96,-0.16,0.25,0.28,-1.33,-0.2,-0.2,-1.53,-2.63,2.28,-0.53,-1.18,2.01,-1.34,1.5,2.06,1.79,0.75,0.75,-0.13,-1.06,-0.85,0.18,-1.67,-0.46,-0.21,0.0,1.2,-1.61,-0.19,0.61,1.6,1.17,0.73,0.53,0.25,-0.96,-0.52,-1.17,0.7,0.7,0.8,1.64,0.67,1.63,0.13
1,NYTPGPGVRYPLTFGWCYKL,cv-2,1,-0.99,0.0,-0.37,0.69,-0.55,0.85,0.73,-0.8,0.61,1.6,1.17,0.73,0.53,0.25,-0.96,-0.52,-0.34,-0.51,-0.55,-1.06,0.01,-0.01,-0.79,0.39,0.22,-0.17,-0.5,0.05,-0.01,-1.34,-0.19,3.56,-0.2,-1.53,-2.63,2.28,-0.53,-1.18,2.01,-1.34,0.22,-0.17,-0.5,0.05,-0.01,-1.34,-0.19,3.56,-0.2,-1.53,-2.63,2.28,-0.53,-1.18,2.01,-1.34,0.76,-0.92,0.17,-1.91,0.22,-1.4,-0.24,-0.03,-1.47,1.45,1.24,1.27,1.55,1.47,1.3,0.83,0.61,1.6,1.17,0.73,0.53,0.25,-0.96,-0.52,0.22,-0.17,-0.5,0.05,-0.01,-1.34,-0.19,3.56,1.36,0.07,0.26,-0.8,0.22,-1.37,0.08,-0.62,-0.34,-0.51,-0.55,-1.06,0.01,-0.01,-0.79,0.39,1.52,0.61,0.96,-0.16,0.25,0.28,-1.33,-0.2,-0.2,-1.53,-2.63,2.28,-0.53,-1.18,2.01,-1.34,1.5,2.06,1.79,0.75,0.75,-0.13,-1.06,-0.85,0.18,-1.67,-0.46,-0.21,0.0,1.2,-1.61,-0.19,0.61,1.6,1.17,0.73,0.53,0.25,-0.96,-0.52,-1.17,0.7,0.7,0.8,1.64,0.67,1.63,0.13,1.36,0.07,0.26,-0.8,0.22,-1.37,0.08,-0.62
2,TPGPGVRYPLTFGWCYKLVP,cv-3,1,-0.34,-0.51,-0.55,-1.06,0.01,-0.01,-0.79,0.39,0.22,-0.17,-0.5,0.05,-0.01,-1.34,-0.19,3.56,-0.2,-1.53,-2.63,2.28,-0.53,-1.18,2.01,-1.34,0.22,-0.17,-0.5,0.05,-0.01,-1.34,-0.19,3.56,-0.2,-1.53,-2.63,2.28,-0.53,-1.18,2.01,-1.34,0.76,-0.92,0.17,-1.91,0.22,-1.4,-0.24,-0.03,-1.47,1.45,1.24,1.27,1.55,1.47,1.3,0.83,0.61,1.6,1.17,0.73,0.53,0.25,-0.96,-0.52,0.22,-0.17,-0.5,0.05,-0.01,-1.34,-0.19,3.56,1.36,0.07,0.26,-0.8,0.22,-1.37,0.08,-0.62,-0.34,-0.51,-0.55,-1.06,0.01,-0.01,-0.79,0.39,1.52,0.61,0.96,-0.16,0.25,0.28,-1.33,-0.2,-0.2,-1.53,-2.63,2.28,-0.53,-1.18,2.01,-1.34,1.5,2.06,1.79,0.75,0.75,-0.13,-1.06,-0.85,0.18,-1.67,-0.46,-0.21,0.0,1.2,-1.61,-0.19,0.61,1.6,1.17,0.73,0.53,0.25,-0.96,-0.52,-1.17,0.7,0.7,0.8,1.64,0.67,1.63,0.13,1.36,0.07,0.26,-0.8,0.22,-1.37,0.08,-0.62,0.76,-0.92,0.17,-1.91,0.22,-1.4,-0.24,-0.03,0.22,-0.17,-0.5,0.05,-0.01,-1.34,-0.19,3.56
3,GPGVRYPLTFGWCYKLVPVE,cv-4,1,-0.2,-1.53,-2.63,2.28,-0.53,-1.18,2.01,-1.34,0.22,-0.17,-0.5,0.05,-0.01,-1.34,-0.19,3.56,-0.2,-1.53,-2.63,2.28,-0.53,-1.18,2.01,-1.34,0.76,-0.92,0.17,-1.91,0.22,-1.4,-0.24,-0.03,-1.47,1.45,1.24,1.27,1.55,1.47,1.3,0.83,0.61,1.6,1.17,0.73,0.53,0.25,-0.96,-0.52,0.22,-0.17,-0.5,0.05,-0.01,-1.34,-0.19,3.56,1.36,0.07,0.26,-0.8,0.22,-1.37,0.08,-0.62,-0.34,-0.51,-0.55,-1.06,0.01,-0.01,-0.79,0.39,1.52,0.61,0.96,-0.16,0.25,0.28,-1.33,-0.2,-0.2,-1.53,-2.63,2.28,-0.53,-1.18,2.01,-1.34,1.5,2.06,1.79,0.75,0.75,-0.13,-1.06,-0.85,0.18,-1.67,-0.46,-0.21,0.0,1.2,-1.61,-0.19,0.61,1.6,1.17,0.73,0.53,0.25,-0.96,-0.52,-1.17,0.7,0.7,0.8,1.64,0.67,1.63,0.13,1.36,0.07,0.26,-0.8,0.22,-1.37,0.08,-0.62,0.76,-0.92,0.17,-1.91,0.22,-1.4,-0.24,-0.03,0.22,-0.17,-0.5,0.05,-0.01,-1.34,-0.19,3.56,0.76,-0.92,0.17,-1.91,0.22,-1.4,-0.24,-0.03,-1.18,0.4,0.1,0.36,-2.16,-0.17,0.91,0.02
4,GVRYPLTFGWCYKLVPVEPD,cv-5,1,-0.2,-1.53,-2.63,2.28,-0.53,-1.18,2.01,-1.34,0.76,-0.92,0.17,-1.91,0.22,-1.4,-0.24,-0.03,-1.47,1.45,1.24,1.27,1.55,1.47,1.3,0.83,0.61,1.6,1.17,0.73,0.53,0.25,-0.96,-0.52,0.22,-0.17,-0.5,0.05,-0.01,-1.34,-0.19,3.56,1.36,0.07,0.26,-0.8,0.22,-1.37,0.08,-0.62,-0.34,-0.51,-0.55,-1.06,0.01,-0.01,-0.79,0.39,1.52,0.61,0.96,-0.16,0.25,0.28,-1.33,-0.2,-0.2,-1.53,-2.63,2.28,-0.53,-1.18,2.01,-1.34,1.5,2.06,1.79,0.75,0.75,-0.13,-1.06,-0.85,0.18,-1.67,-0.46,-0.21,0.0,1.2,-1.61,-0.19,0.61,1.6,1.17,0.73,0.53,0.25,-0.96,-0.52,-1.17,0.7,0.7,0.8,1.64,0.67,1.63,0.13,1.36,0.07,0.26,-0.8,0.22,-1.37,0.08,-0.62,0.76,-0.92,0.17,-1.91,0.22,-1.4,-0.24,-0.03,0.22,-0.17,-0.5,0.05,-0.01,-1.34,-0.19,3.56,0.76,-0.92,0.17,-1.91,0.22,-1.4,-0.24,-0.03,-1.18,0.4,0.1,0.36,-2.16,-0.17,0.91,0.02,0.22,-0.17,-0.5,0.05,-0.01,-1.34,-0.19,3.56,-1.15,0.67,-0.41,-0.01,-2.68,1.31,0.03,0.56
5,MNGDDAFARRPTVGAQIPEK,cv-6,1,1.01,-0.53,0.43,0.0,0.23,0.1,-0.86,-0.68,-0.99,0.0,-0.37,0.69,-0.55,0.85,0.73,-0.8,-0.2,-1.53,-2.63,2.28,-0.53,-1.18,2.01,-1.34,-1.15,0.67,-0.41,-0.01,-2.68,1.31,0.03,0.56,-1.15,0.67,-0.41,-0.01,-2.68,1.31,0.03,0.56,0.15,-1.11,-1.35,-0.92,0.02,-0.91,0.36,-0.48,1.52,0.61,0.96,-0.16,0.25,0.28,-1.33,-0.2,0.15,-1.11,-1.35,-0.92,0.02,-0.91,0.36,-0.48,-1.47,1.45,1.24,1.27,1.55,1.47,1.3,0.83,-1.47,1.45,1.24,1.27,1.55,1.47,1.3,0.83,0.22,-0.17,-0.5,0.05,-0.01,-1.34,-0.19,3.56,-0.34,-0.51,-0.55,-1.06,0.01,-0.01,-0.79,0.39,0.76,-0.92,0.17,-1.91,0.22,-1.4,-0.24,-0.03,-0.2,-1.53,-2.63,2.28,-0.53,-1.18,2.01,-1.34,0.15,-1.11,-1.35,-0.92,0.02,-0.91,0.36,-0.48,-0.96,0.12,0.18,0.16,0.09,0.42,-0.2,-0.41,1.27,-0.14,0.3,-1.8,0.3,-1.61,-0.16,-0.13,0.22,-0.17,-0.5,0.05,-0.01,-1.34,-0.19,3.56,-1.18,0.4,0.1,0.36,-2.16,-0.17,0.91,0.02,-1.17,0.7,0.7,0.8,1.64,0.67,1.63,0.13
6,DDAFARRPTVGAQIPEKIQK,cv-7,1,-1.15,0.67,-0.41,-0.01,-2.68,1.31,0.03,0.56,-1.15,0.67,-0.41,-0.01,-2.68,1.31,0.03,0.56,0.15,-1.11,-1.35,-0.92,0.02,-0.91,0.36,-0.48,1.52,0.61,0.96,-0.16,0.25,0.28,-1.33,-0.2,0.15,-1.11,-1.35,-0.92,0.02,-0.91,0.36,-0.48,-1.47,1.45,1.24,1.27,1.55,1.47,1.3,0.83,-1.47,1.45,1.24,1.27,1.55,1.47,1.3,0.83,0.22,-0.17,-0.5,0.05,-0.01,-1.34,-0.19,3.56,-0.34,-0.51,-0.55,-1.06,0.01,-0.01,-0.79,0.39,0.76,-0.92,0.17,-1.91,0.22,-1.4,-0.24,-0.03,-0.2,-1.53,-2.63,2.28,-0.53,-1.18,2.01,-1.34,0.15,-1.11,-1.35,-0.92,0.02,-0.91,0.36,-0.48,-0.96,0.12,0.18,0.16,0.09,0.42,-0.2,-0.41,1.27,-0.14,0.3,-1.8,0.3,-1.61,-0.16,-0.13,0.22,-0.17,-0.5,0.05,-0.01,-1.34,-0.19,3.56,-1.18,0.4,0.1,0.36,-2.16,-0.17,0.91,0.02,-1.17,0.7,0.7,0.8,1.64,0.67,1.63,0.13,1.27,-0.14,0.3,-1.8,0.3,-1.61,-0.16,-0.13,-0.96,0.12,0.18,0.16,0.09,0.42,-0.2,-0.41,-1.17,0.7,0.7,0.8,1.64,0.67,1.63,0.13
7,DAFARRPTVGAQIPEKIQKA,cv-8,1,-1.15,0.67,-0.41,-0.01,-2.68,1.31,0.03,0.56,0.15,-1.11,-1.35,-0.92,0.02,-0.91,0.36,-0.48,1.52,0.61,0.96,-0.16,0.25,0.28,-1.33,-0.2,0.15,-1.11,-1.35,-0.92,0.02,-0.91,0.36,-0.48,-1.47,1.45,1.24,1.27,1.55,1.47,1.3,0.83,-1.47,1.45,1.24,1.27,1.55,1.47,1.3,0.83,0.22,-0.17,-0.5,0.05,-0.01,-1.34,-0.19,3.56,-0.34,-0.51,-0.55,-1.06,0.01,-0.01,-0.79,0.39,0.76,-0.92,0.17,-1.91,0.22,-1.4,-0.24,-0.03,-0.2,-1.53,-2.63,2.28,-0.53,-1.18,2.01,-1.34,0.15,-1.11,-1.35,-0.92,0.02,-0.91,0.36,-0.48,-0.96,0.12,0.18,0.16,0.09,0.42,-0.2,-0.41,1.27,-0.14,0.3,-1.8,0.3,-1.61,-0.16,-0.13,0.22,-0.17,-0.5,0.05,-0.01,-1.34,-0.19,3.56,-1.18,0.4,0.1,0.36,-2.16,-0.17,0.91,0.02,-1.17,0.7,0.7,0.8,1.64,0.67,1.63,0.13,1.27,-0.14,0.3,-1.8,0.3,-1.61,-0.16,-0.13,-0.96,0.12,0.18,0.16,0.09,0.42,-0.2,-0.41,-1.17,0.7,0.7,0.8,1.64,0.67,1.63,0.13,0.15,-1.11,-1.35,-0.92,0.02,-0.91,0.36,-0.48
8,AFARRPTVGAQIPEKIQKAF,cv-9,1,0.15,-1.11,-1.35,-0.92,0.02,-0.91,0.36,-0.48,1.52,0.61,0.96,-0.16,0.25,0.28,-1.33,-0.2,0.15,-1.11,-1.35,-0.92,0.02,-0.91,0.36,-0.48,-1.47,1.45,1.24,1.27,1.55,1.47,1.3,0.83,-1.47,1.45,1.24,1.27,1.55,1.47,1.3,0.83,0.22,-0.17,-0.5,0.05,-0.01,-1.34,-0.19,3.56,-0.34,-0.51,-0.55,-1.06,0.01,-0.01,-0.79,0.39,0.76,-0.92,0.17,-1.91,0.22,-1.4,-0.24,-0.03,-0.2,-1.53,-2.63,2.28,-0.53,-1.18,2.01,-1.34,0.15,-1.11,-1.35,-0.92,0.02,-0.91,0.36,-0.48,-0.96,0.12,0.18,0.16,0.09,0.42,-0.2,-0.41,1.27,-0.14,0.3,-1.8,0.3,-1.61,-0.16,-0.13,0.22,-0.17,-0.5,0.05,-0.01,-1.34,-0.19,3.56,-1.18,0.4,0.1,0.36,-2.16,-0.17,0.91,0.02,-1.17,0.7,0.7,0.8,1.64,0.67,1.63,0.13,1.27,-0.14,0.3,-1.8,0.3,-1.61,-0.16,-0.13,-0.96,0.12,0.18,0.16,0.09,0.42,-0.2,-0.41,-1.17,0.7,0.7,0.8,1.64,0.67,1.63,0.13,0.15,-1.11,-1.35,-0.92,0.02,-0.91,0.36,-0.48,1.52,0.61,0.96,-0.16,0.25,0.28,-1.33,-0.2
9,VGAQIPEKIQKAFDDIAKYF,cv-10,1,0.76,-0.92,0.17,-1.91,0.22,-1.4,-0.24,-0.03,-0.2,-1.53,-2.63,2.28,-0.53,-1.18,2.01,-1.34,0.15,-1.11,-1.35,-0.92,0.02,-0.91,0.36,-0.48,-0.96,0.12,0.18,0.16,0.09,0.42,-0.2,-0.41,1.27,-0.14,0.3,-1.8,0.3,-1.61,-0.16,-0.13,0.22,-0.17,-0.5,0.05,-0.01,-1.34,-0.19,3.56,-1.18,0.4,0.1,0.36,-2.16,-0.17,0.91,0.02,-1.17,0.7,0.7,0.8,1.64,0.67,1.63,0.13,1.27,-0.14,0.3,-1.8,0.3,-1.61,-0.16,-0.13,-0.96,0.12,0.18,0.16,0.09,0.42,-0.2,-0.41,-1.17,0.7,0.7,0.8,1.64,0.67,1.63,0.13,0.15,-1.11,-1.35,-0.92,0.02,-0.91,0.36,-0.48,1.52,0.61,0.96,-0.16,0.25,0.28,-1.33,-0.2,-1.15,0.67,-0.41,-0.01,-2.68,1.31,0.03,0.56,-1.15,0.67,-0.41,-0.01,-2.68,1.31,0.03,0.56,1.27,-0.14,0.3,-1.8,0.3,-1.61,-0.16,-0.13,0.15,-1.11,-1.35,-0.92,0.02,-0.91,0.36,-0.48,-1.17,0.7,0.7,0.8,1.64,0.67,1.63,0.13,0.61,1.6,1.17,0.73,0.53,0.25,-0.96,-0.52,1.52,0.61,0.96,-0.16,0.25,0.28,-1.33,-0.2
10,GAQIPEKIQKAFDDIAKYFS,cv-11,1,-0.2,-1.53,-2.63,2.28,-0.53,-1.18,2.01,-1.34,0.15,-1.11,-1.35,-0.92,0.02,-0.91,0.36,-0.48,-0.96,0.12,0.18,0.16,0.09,0.42,-0.2,-0.41,1.27,-0.14,0.3,-1.8,0.3,-1.61,-0.16,-0.13,0.22,-0.17,-0.5,0.05,-0.01,-1.34,-0.19,3.56,-1.18,0.4,0.1,0.36,-2.16,-0.17,0.91,0.02,-1.17,0.7,0.7,0.8,1.64,0.67,1.63,0.13,1.27,-0.14,0.3,-1.8,0.3,-1.61,-0.16,-0.13,-0.96,0.12,0.18,0.16,0.09,0.42,-0.2,-0.41,-1.17,0.7,0.7,0.8,1.64,0.67,1.63,0.13,0.15,-1.11,-1.35,-0.92,0.02,-0.91,0.36,-0.48,1.52,0.61,0.96,-0.16,0.25,0.28,-1.33,-0.2,-1.15,0.67,-0.41,-0.01,-2.68,1.31,0.03,0.56,-1.15,0.67,-0.41,-0.01,-2.68,1.31,0.03,0.56,1.27,-0.14,0.3,-1.8,0.3,-1.61,-0.16,-0.13,0.15,-1.11,-1.35,-0.92,0.02,-0.91,0.36,-0.48,-1.17,0.7,0.7,0.8,1.64,0.67,1.63,0.13,0.61,1.6,1.17,0.73,0.53,0.25,-0.96,-0.52,1.52,0.61,0.96,-0.16,0.25,0.28,-1.33,-0.2,-0.67,-0.86,-1.07,-0.41,-0.32,0.27,-0.64,0.11
11,AQIPEKIQKAFDDIAKYFSK,cv-12,1,0.15,-1.11,-1.35,-0.92,0.02,-0.91,0.36,-0.48,-0.96,0.12,0.18,0.16,0.09,0.42,-0.2,-0.41,1.27,-0.14,0.3,-1.8,0.3,-1.61,-0.16,-0.13,0.22,-0.17,-0.5,0.05,-0.01,-1.34,-0.19,3.56,-1.18,0.4,0.1,0.36,-2.16,-0.17,0.91,0.02,-1.17,0.7,0.7,0.8,1.64,0.67,1.63,0.13,1.27,-0.14,0.3,-1.8,0.3,-1.61,-0.16,-0.13,-0.96,0.12,0.18,0.16,0.09,0.42,-0.2,-0.41,-1.17,0.7,0.7,0.8,1.64,0.67,1.63,0.13,0.15,-1.11,-1.35,-0.92,0.02,-0.91,0.36,-0.48,1.52,0.61,0.96,-0.16,0.25,0.28,-1.33,-0.2,-1.15,0.67,-0.41,-0.01,-2.68,1.31,0.03,0.56,-1.15,0.67,-0.41,-0.01,-2.68,1.31,0.03,0.56,1.27,-0.14,0.3,-1.8,0.3,-1.61,-0.16,-0.13,0.15,-1.11,-1.35,-0.92,0.02,-0.91,0.36,-0.48,-1.17,0.7,0.7,0.8,1.64,0.67,1.63,0.13,0.61,1.6,1.17,0.73,0.53,0.25,-0.96,-0.52,1.52,0.61,0.96,-0.16,0.25,0.28,-1.33,-0.2,-0.67,-0.86,-1.07,-0.41,-0.32,0.27,-0.64,0.11,-1.17,0.7,0.7,0.8,1.64,0.67,1.63,0.13
12,IPEKIQKAFDDIAKYFSKEE,cv-13,1,1.27,-0.14,0.3,-1.8,0.3,-1.61,-0.16,-0.13,0.22,-0.17,-0.5,0.05,-0.01,-1.34,-0.19,3.56,-1.18,0.4,0.1,0.36,-2.16,-0.17,0.91,0.02,-1.17,0.7,0.7,0.8,1.64,0.67,1.63,0.13,1.27,-0.14,0.3,-1.8,0.3,-1.61,-0.16,-0.13,-0.96,0.12,0.18,0.16,0.09,0.42,-0.2,-0.41,-1.17,0.7,0.7,0.8,1.64,0.67,1.63,0.13,0.15,-1.11,-1.35,-0.92,0.02,-0.91,0.36,-0.48,1.52,0.61,0.96,-0.16,0.25,0.28,-1.33,-0.2,-1.15,0.67,-0.41,-0.01,-2.68,1.31,0.03,0.56,-1.15,0.67,-0.41,-0.01,-2.68,1.31,0.03,0.56,1.27,-0.14,0.3,-1.8,0.3,-1.61,-0.16,-0.13,0.15,-1.11,-1.35,-0.92,0.02,-0.91,0.36,-0.48,-1.17,0.7,0.7,0.8,1.64,0.67,1.63,0.13,0.61,1.6,1.17,0.73,0.53,0.25,-0.96,-0.52,1.52,0.61,0.96,-0.16,0.25,0.28,-1.33,-0.2,-0.67,-0.86,-1.07,-0.41,-0.32,0.27,-0.64,0.11,-1.17,0.7,0.7,0.8,1.64,0.67,1.63,0.13,-1.18,0.4,0.1,0.36,-2.16,-0.17,0.91,0.02,-1.18,0.4,0.1,0.36,-2.16,-0.17,0.91,0.02
13,SKEEWEKMKASEKIFYVYMK,cv-14,1,-0.67,-0.86,-1.07,-0.41,-0.32,0.27,-0.64,0.11,-1.17,0.7,0.7,0.8,1.64,0.67,1.63,0.13,-1.18,0.4,0.1,0.36,-2.16,-0.17,0.91,0.02,-1.18,0.4,0.1,0.36,-2.16,-0.17,0.91,0.02,1.5,2.06,1.79,0.75,0.75,-0.13,-1.06,-0.85,-1.18,0.4,0.1,0.36,-2.16,-0.17,0.91,0.02,-1.17,0.7,0.7,0.8,1.64,0.67,1.63,0.13,1.01,-0.53,0.43,0.0,0.23,0.1,-0.86,-0.68,-1.17,0.7,0.7,0.8,1.64,0.67,1.63,0.13,0.15,-1.11,-1.35,-0.92,0.02,-0.91,0.36,-0.48,-0.67,-0.86,-1.07,-0.41,-0.32,0.27,-0.64,0.11,-1.18,0.4,0.1,0.36,-2.16,-0.17,0.91,0.02,-1.17,0.7,0.7,0.8,1.64,0.67,1.63,0.13,1.27,-0.14,0.3,-1.8,0.3,-1.61,-0.16,-0.13,1.52,0.61,0.96,-0.16,0.25,0.28,-1.33,-0.2,0.61,1.6,1.17,0.73,0.53,0.25,-0.96,-0.52,0.76,-0.92,0.17,-1.91,0.22,-1.4,-0.24,-0.03,0.61,1.6,1.17,0.73,0.53,0.25,-0.96,-0.52,1.01,-0.53,0.43,0.0,0.23,0.1,-0.86,-0.68,-1.17,0.7,0.7,0.8,1.64,0.67,1.63,0.13
14,MKASEKIFYVYMKRKYEAMT,cv-15,1,1.01,-0.53,0.43,0.0,0.23,0.1,-0.86,-0.68,-1.17,0.7,0.7,0.8,1.64,0.67,1.63,0.13,0.15,-1.11,-1.35,-0.92,0.02,-0.91,0.36,-0.48,-0.67,-0.86,-1.07,-0.41,-0.32,0.27,-0.64,0.11,-1.18,0.4,0.1,0.36,-2.16,-0.17,0.91,0.02,-1.17,0.7,0.7,0.8,1.64,0.67,1.63,0.13,1.27,-0.14,0.3,-1.8,0.3,-1.61,-0.16,-0.13,1.52,0.61,0.96,-0.16,0.25,0.28,-1.33,-0.2,0.61,1.6,1.17,0.73,0.53,0.25,-0.96,-0.52,0.76,-0.92,0.17,-1.91,0.22,-1.4,-0.24,-0.03,0.61,1.6,1.17,0.73,0.53,0.25,-0.96,-0.52,1.01,-0.53,0.43,0.0,0.23,0.1,-0.86,-0.68,-1.17,0.7,0.7,0.8,1.64,0.67,1.63,0.13,-1.47,1.45,1.24,1.27,1.55,1.47,1.3,0.83,-1.17,0.7,0.7,0.8,1.64,0.67,1.63,0.13,0.61,1.6,1.17,0.73,0.53,0.25,-0.96,-0.52,-1.18,0.4,0.1,0.36,-2.16,-0.17,0.91,0.02,0.15,-1.11,-1.35,-0.92,0.02,-0.91,0.36,-0.48,1.01,-0.53,0.43,0.0,0.23,0.1,-0.86,-0.68,-0.34,-0.51,-0.55,-1.06,0.01,-0.01,-0.79,0.39
15,KASEKIFYVYMKRKYEAMTK,cv-16,1,-1.17,0.7,0.7,0.8,1.64,0.67,1.63,0.13,0.15,-1.11,-1.35,-0.92,0.02,-0.91,0.36,-0.48,-0.67,-0.86,-1.07,-0.41,-0.32,0.27,-0.64,0.11,-1.18,0.4,0.1,0.36,-2.16,-0.17,0.91,0.02,-1.17,0.7,0.7,0.8,1.64,0.67,1.63,0.13,1.27,-0.14,0.3,-1.8,0.3,-1.61,-0.16,-0.13,1.52,0.61,0.96,-0.16,0.25,0.28,-1.33,-0.2,0.61,1.6,1.17,0.73,0.53,0.25,-0.96,-0.52,0.76,-0.92,0.17,-1.91,0.22,-1.4,-0.24,-0.03,0.61,1.6,1.17,0.73,0.53,0.25,-0.96,-0.52,1.01,-0.53,0.43,0.0,0.23,0.1,-0.86,-0.68,-1.17,0.7,0.7,0.8,1.64,0.67,1.63,0.13,-1.47,1.45,1.24,1.27,1.55,1.47,1.3,0.83,-1.17,0.7,0.7,0.8,1.64,0.67,1.63,0.13,0.61,1.6,1.17,0.73,0.53,0.25,-0.96,-0.52,-1.18,0.4,0.1,0.36,-2.16,-0.17,0.91,0.02,0.15,-1.11,-1.35,-0.92,0.02,-0.91,0.36,-0.48,1.01,-0.53,0.43,0.0,0.23,0.1,-0.86,-0.68,-0.34,-0.51,-0.55,-1.06,0.01,-0.01,-0.79,0.39,-1.17,0.7,0.7,0.8,1.64,0.67,1.63,0.13
16,ASEKIFYVYMKRKYEAMTKL,cv-17,1,0.15,-1.11,-1.35,-0.92,0.02,-0.91,0.36,-0.48,-0.67,-0.86,-1.07,-0.41,-0.32,0.27,-0.64,0.11,-1.18,0.4,0.1,0.36,-2.16,-0.17,0.91,0.02,-1.17,0.7,0.7,0.8,1.64,0.67,1.63,0.13,1.27,-0.14,0.3,-1.8,0.3,-1.61,-0.16,-0.13,1.52,0.61,0.96,-0.16,0.25,0.28,-1.33,-0.2,0.61,1.6,1.17,0.73,0.53,0.25,-0.96,-0.52,0.76,-0.92,0.17,-1.91,0.22,-1.4,-0.24,-0.03,0.61,1.6,1.17,0.73,0.53,0.25,-0.96,-0.52,1.01,-0.53,0.43,0.0,0.23,0.1,-0.86,-0.68,-1.17,0.7,0.7,0.8,1.64,0.67,1.63,0.13,-1.47,1.45,1.24,1.27,1.55,1.47,1.3,0.83,-1.17,0.7,0.7,0.8,1.64,0.67,1.63,0.13,0.61,1.6,1.17,0.73,0.53,0.25,-0.96,-0.52,-1.18,0.4,0.1,0.36,-2.16,-0.17,0.91,0.02,0.15,-1.11,-1.35,-0.92,0.02,-0.91,0.36,-0.48,1.01,-0.53,0.43,0.0,0.23,0.1,-0.86,-0.68,-0.34,-0.51,-0.55,-1.06,0.01,-0.01,-0.79,0.39,-1.17,0.7,0.7,0.8,1.64,0.67,1.63,0.13,1.36,0.07,0.26,-0.8,0.22,-1.37,0.08,-0.62
17,YMKRKYEAMTKLGFKATLPP,cv-18,1,0.61,1.6,1.17,0.73,0.53,0.25,-0.96,-0.52,1.01,-0.53,0.43,0.0,0.23,0.1,-0.86,-0.68,-1.17,0.7,0.7,0.8,1.64,0.67,1.63,0.13,-1.47,1.45,1.24,1.27,1.55,1.47,1.3,0.83,-1.17,0.7,0.7,0.8,1.64,0.67,1.63,0.13,0.61,1.6,1.17,0.73,0.53,0.25,-0.96,-0.52,-1.18,0.4,0.1,0.36,-2.16,-0.17,0.91,0.02,0.15,-1.11,-1.35,-0.92,0.02,-0.91,0.36,-0.48,1.01,-0.53,0.43,0.0,0.23,0.1,-0.86,-0.68,-0.34,-0.51,-0.55,-1.06,0.01,-0.01,-0.79,0.39,-1.17,0.7,0.7,0.8,1.64,0.67,1.63,0.13,1.36,0.07,0.26,-0.8,0.22,-1.37,0.08,-0.62,-0.2,-1.53,-2.63,2.28,-0.53,-1.18,2.01,-1.34,1.52,0.61,0.96,-0.16,0.25,0.28,-1.33,-0.2,-1.17,0.7,0.7,0.8,1.64,0.67,1.63,0.13,0.15,-1.11,-1.35,-0.92,0.02,-0.91,0.36,-0.48,-0.34,-0.51,-0.55,-1.06,0.01,-0.01,-0.79,0.39,1.36,0.07,0.26,-0.8,0.22,-1.37,0.08,-0.62,0.22,-0.17,-0.5,0.05,-0.01,-1.34,-0.19,3.56,0.22,-0.17,-0.5,0.05,-0.01,-1.34,-0.19,3.56
18,KRKYEAMTKLGFKATLPPFM,cv-19,1,-1.17,0.7,0.7,0.8,1.64,0.67,1.63,0.13,-1.47,1.45,1.24,1.27,1.55,1.47,1.3,0.83,-1.17,0.7,0.7,0.8,1.64,0.67,1.63,0.13,0.61,1.6,1.17,0.73,0.53,0.25,-0.96,-0.52,-1.18,0.4,0.1,0.36,-2.16,-0.17,0.91,0.02,0.15,-1.11,-1.35,-0.92,0.02,-0.91,0.36,-0.48,1.01,-0.53,0.43,0.0,0.23,0.1,-0.86,-0.68,-0.34,-0.51,-0.55,-1.06,0.01,-0.01,-0.79,0.39,-1.17,0.7,0.7,0.8,1.64,0.67,1.63,0.13,1.36,0.07,0.26,-0.8,0.22,-1.37,0.08,-0.62,-0.2,-1.53,-2.63,2.28,-0.53,-1.18,2.01,-1.34,1.52,0.61,0.96,-0.16,0.25,0.28,-1.33,-0.2,-1.17,0.7,0.7,0.8,1.64,0.67,1.63,0.13,0.15,-1.11,-1.35,-0.92,0.02,-0.91,0.36,-0.48,-0.34,-0.51,-0.55,-1.06,0.01,-0.01,-0.79,0.39,1.36,0.07,0.26,-0.8,0.22,-1.37,0.08,-0.62,0.22,-0.17,-0.5,0.05,-0.01,-1.34,-0.19,3.56,0.22,-0.17,-0.5,0.05,-0.01,-1.34,-0.19,3.56,1.52,0.61,0.96,-0.16,0.25,0.28,-1.33,-0.2,1.01,-0.53,0.43,0.0,0.23,0.1,-0.86,-0.68
19,KYEAMTKLGFKATLPPFMCN,cv-20,1,-1.17,0.7,0.7,0.8,1.64,0.67,1.63,0.13,0.61,1.6,1.17,0.73,0.53,0.25,-0.96,-0.52,-1.18,0.4,0.1,0.36,-2.16,-0.17,0.91,0.02,0.15,-1.11,-1.35,-0.92,0.02,-0.91,0.36,-0.48,1.01,-0.53,0.43,0.0,0.23,0.1,-0.86,-0.68,-0.34,-0.51,-0.55,-1.06,0.01,-0.01,-0.79,0.39,-1.17,0.7,0.7,0.8,1.64,0.67,1.63,0.13,1.36,0.07,0.26,-0.8,0.22,-1.37,0.08,-0.62,-0.2,-1.53,-2.63,2.28,-0.53,-1.18,2.01,-1.34,1.52,0.61,0.96,-0.16,0.25,0.28,-1.33,-0.2,-1.17,0.7,0.7,0.8,1.64,0.67,1.63,0.13,0.15,-1.11,-1.35,-0.92,0.02,-0.91,0.36,-0.48,-0.34,-0.51,-0.55,-1.06,0.01,-0.01,-0.79,0.39,1.36,0.07,0.26,-0.8,0.22,-1.37,0.08,-0.62,0.22,-0.17,-0.5,0.05,-0.01,-1.34,-0.19,3.56,0.22,-0.17,-0.5,0.05,-0.01,-1.34,-0.19,3.56,1.52,0.61,0.96,-0.16,0.25,0.28,-1.33,-0.2,1.01,-0.53,0.43,0.0,0.23,0.1,-0.86,-0.68,0.18,-1.67,-0.46,-0.21,0.0,1.2,-1.61,-0.19,-0.99,0.0,-0.37,0.69,-0.55,0.85,0.73,-0.8
20,KYEAMTKLGFKATLPPFMCN,cv-21,1,-1.17,0.7,0.7,0.8,1.64,0.67,1.63,0.13,0.61,1.6,1.17,0.73,0.53,0.25,-0.96,-0.52,-1.18,0.4,0.1,0.36,-2.16,-0.17,0.91,0.02,0.15,-1.11,-1.35,-0.92,0.02,-0.91,0.36,-0.48,1.01,-0.53,0.43,0.0,0.23,0.1,-0.86,-0.68,-0.34,-0.51,-0.55,-1.06,0.01,-0.01,-0.79,0.39,-1.17,0.7,0.7,0.8,1.64,0.67,1.63,0.13,1.36,0.07,0.26,-0.8,0.22,-1.37,0.08,-0.62,-0.2,-1.53,-2.63,2.28,-0.53,-1.18,2.01,-1.34,1.52,0.61,0.96,-0.16,0.25,0.28,-1.33,-0.2,-1.17,0.7,0.7,0.8,1.64,0.67,1.63,0.13,0.15,-1.11,-1.35,-0.92,0.02,-0.91,0.36,-0.48,-0.34,-0.51,-0.55,-1.06,0.01,-0.01,-0.79,0.39,1.36,0.07,0.26,-0.8,0.22,-1.37,0.08,-0.62,0.22,-0.17,-0.5,0.05,-0.01,-1.34,-0.19,3.56,0.22,-0.17,-0.5,0.05,-0.01,-1.34,-0.19,3.56,1.52,0.61,0.96,-0.16,0.25,0.28,-1.33,-0.2,1.01,-0.53,0.43,0.0,0.23,0.1,-0.86,-0.68,0.18,-1.67,-0.46,-0.21,0.0,1.2,-1.61,-0.19,-0.99,0.0,-0.37,0.69,-0.55,0.85,0.73,-0.8
21,EAMTKLGFKATLPPFMCNKR,cv-22,1,-1.18,0.4,0.1,0.36,-2.16,-0.17,0.91,0.02,0.15,-1.11,-1.35,-0.92,0.02,-0.91,0.36,-0.48,1.01,-0.53,0.43,0.0,0.23,0.1,-0.86,-0.68,-0.34,-0.51,-0.55,-1.06,0.01,-0.01,-0.79,0.39,-1.17,0.7,0.7,0.8,1.64,0.67,1.63,0.13,1.36,0.07,0.26,-0.8,0.22,-1.37,0.08,-0.62,-0.2,-1.53,-2.63,2.28,-0.53,-1.18,2.01,-1.34,1.52,0.61,0.96,-0.16,0.25,0.28,-1.33,-0.2,-1.17,0.7,0.7,0.8,1.64,0.67,1.63,0.13,0.15,-1.11,-1.35,-0.92,0.02,-0.91,0.36,-0.48,-0.34,-0.51,-0.55,-1.06,0.01,-0.01,-0.79,0.39,1.36,0.07,0.26,-0.8,0.22,-1.37,0.08,-0.62,0.22,-0.17,-0.5,0.05,-0.01,-1.34,-0.19,3.56,0.22,-0.17,-0.5,0.05,-0.01,-1.34,-0.19,3.56,1.52,0.61,0.96,-0.16,0.25,0.28,-1.33,-0.2,1.01,-0.53,0.43,0.0,0.23,0.1,-0.86,-0.68,0.18,-1.67,-0.46,-0.21,0.0,1.2,-1.61,-0.19,-0.99,0.0,-0.37,0.69,-0.55,0.85,0.73,-0.8,-1.17,0.7,0.7,0.8,1.64,0.67,1.63,0.13,-1.47,1.45,1.24,1.27,1.55,1.47,1.3,0.83
22,MTKLGFKATLPPFMCNKRAE,cv-23,1,1.01,-0.53,0.43,0.0,0.23,0.1,-0.86,-0.68,-0.34,-0.51,-0.55,-1.06,0.01,-0.01,-0.79,0.39,-1.17,0.7,0.7,0.8,1.64,0.67,1.63,0.13,1.36,0.07,0.26,-0.8,0.22,-1.37,0.08,-0.62,-0.2,-1.53,-2.63,2.28,-0.53,-1.18,2.01,-1.34,1.52,0.61,0.96,-0.16,0.25,0.28,-1.33,-0.2,-1.17,0.7,0.7,0.8,1.64,0.67,1.63,0.13,0.15,-1.11,-1.35,-0.92,0.02,-0.91,0.36,-0.48,-0.34,-0.51,-0.55,-1.06,0.01,-0.01,-0.79,0.39,1.36,0.07,0.26,-0.8,0.22,-1.37,0.08,-0.62,0.22,-0.17,-0.5,0.05,-0.01,-1.34,-0.19,3.56,0.22,-0.17,-0.5,0.05,-0.01,-1.34,-0.19,3.56,1.52,0.61,0.96,-0.16,0.25,0.28,-1.33,-0.2,1.01,-0.53,0.43,0.0,0.23,0.1,-0.86,-0.68,0.18,-1.67,-0.46,-0.21,0.0,1.2,-1.61,-0.19,-0.99,0.0,-0.37,0.69,-0.55,0.85,0.73,-0.8,-1.17,0.7,0.7,0.8,1.64,0.67,1.63,0.13,-1.47,1.45,1.24,1.27,1.55,1.47,1.3,0.83,0.15,-1.11,-1.35,-0.92,0.02,-0.91,0.36,-0.48,-1.18,0.4,0.1,0.36,-2.16,-0.17,0.91,0.02
23,GFKATLPPFMCNKRAEDFQG,cv-24,1,-0.2,-1.53,-2.63,2.28,-0.53,-1.18,2.01,-1.34,1.52,0.61,0.96,-0.16,0.25,0.28,-1.33,-0.2,-1.17,0.7,0.7,0.8,1.64,0.67,1.63,0.13,0.15,-1.11,-1.35,-0.92,0.02,-0.91,0.36,-0.48,-0.34,-0.51,-0.55,-1.06,0.01,-0.01,-0.79,0.39,1.36,0.07,0.26,-0.8,0.22,-1.37,0.08,-0.62,0.22,-0.17,-0.5,0.05,-0.01,-1.34,-0.19,3.56,0.22,-0.17,-0.5,0.05,-0.01,-1.34,-0.19,3.56,1.52,0.61,0.96,-0.16,0.25,0.28,-1.33,-0.2,1.01,-0.53,0.43,0.0,0.23,0.1,-0.86,-0.68,0.18,-1.67,-0.46,-0.21,0.0,1.2,-1.61,-0.19,-0.99,0.0,-0.37,0.69,-0.55,0.85,0.73,-0.8,-1.17,0.7,0.7,0.8,1.64,0.67,1.63,0.13,-1.47,1.45,1.24,1.27,1.55,1.47,1.3,0.83,0.15,-1.11,-1.35,-0.92,0.02,-0.91,0.36,-0.48,-1.18,0.4,0.1,0.36,-2.16,-0.17,0.91,0.02,-1.15,0.67,-0.41,-0.01,-2.68,1.31,0.03,0.56,1.52,0.61,0.96,-0.16,0.25,0.28,-1.33,-0.2,-0.96,0.12,0.18,0.16,0.09,0.42,-0.2,-0.41,-0.2,-1.53,-2.63,2.28,-0.53,-1.18,2.01,-1.34
24,KATLPPFMCNKRAEDFQGND,cv-25,1,-1.17,0.7,0.7,0.8,1.64,0.67,1.63,0.13,0.15,-1.11,-1.35,-0.92,0.02,-0.91,0.36,-0.48,-0.34,-0.51,-0.55,-1.06,0.01,-0.01,-0.79,0.39,1.36,0.07,0.26,-0.8,0.22,-1.37,0.08,-0.62,0.22,-0.17,-0.5,0.05,-0.01,-1.34,-0.19,3.56,0.22,-0.17,-0.5,0.05,-0.01,-1.34,-0.19,3.56,1.52,0.61,0.96,-0.16,0.25,0.28,-1.33,-0.2,1.01,-0.53,0.43,0.0,0.23,0.1,-0.86,-0.68,0.18,-1.67,-0.46,-0.21,0.0,1.2,-1.61,-0.19,-0.99,0.0,-0.37,0.69,-0.55,0.85,0.73,-0.8,-1.17,0.7,0.7,0.8,1.64,0.67,1.63,0.13,-1.47,1.45,1.24,1.27,1.55,1.47,1.3,0.83,0.15,-1.11,-1.35,-0.92,0.02,-0.91,0.36,-0.48,-1.18,0.4,0.1,0.36,-2.16,-0.17,0.91,0.02,-1.15,0.67,-0.41,-0.01,-2.68,1.31,0.03,0.56,1.52,0.61,0.96,-0.16,0.25,0.28,-1.33,-0.2,-0.96,0.12,0.18,0.16,0.09,0.42,-0.2,-0.41,-0.2,-1.53,-2.63,2.28,-0.53,-1.18,2.01,-1.34,-0.99,0.0,-0.37,0.69,-0.55,0.85,0.73,-0.8,-1.15,0.67,-0.41,-0.01,-2.68,1.31,0.03,0.56
25,LPPFMCNKRAEDFQGNDLDN,cv-26,1,1.36,0.07,0.26,-0.8,0.22,-1.37,0.08,-0.62,0.22,-0.17,-0.5,0.05,-0.01,-1.34,-0.19,3.56,0.22,-0.17,-0.5,0.05,-0.01,-1.34,-0.19,3.56,1.52,0.61,0.96,-0.16,0.25,0.28,-1.33,-0.2,1.01,-0.53,0.43,0.0,0.23,0.1,-0.86,-0.68,0.18,-1.67,-0.46,-0.21,0.0,1.2,-1.61,-0.19,-0.99,0.0,-0.37,0.69,-0.55,0.85,0.73,-0.8,-1.17,0.7,0.7,0.8,1.64,0.67,1.63,0.13,-1.47,1.45,1.24,1.27,1.55,1.47,1.3,0.83,0.15,-1.11,-1.35,-0.92,0.02,-0.91,0.36,-0.48,-1.18,0.4,0.1,0.36,-2.16,-0.17,0.91,0.02,-1.15,0.67,-0.41,-0.01,-2.68,1.31,0.03,0.56,1.52,0.61,0.96,-0.16,0.25,0.28,-1.33,-0.2,-0.96,0.12,0.18,0.16,0.09,0.42,-0.2,-0.41,-0.2,-1.53,-2.63,2.28,-0.53,-1.18,2.01,-1.34,-0.99,0.0,-0.37,0.69,-0.55,0.85,0.73,-0.8,-1.15,0.67,-0.41,-0.01,-2.68,1.31,0.03,0.56,1.36,0.07,0.26,-0.8,0.22,-1.37,0.08,-0.62,-1.15,0.67,-0.41,-0.01,-2.68,1.31,0.03,0.56,-0.99,0.0,-0.37,0.69,-0.55,0.85,0.73,-0.8
26,RAEDFQGNDLDNDPNRGNQV,cv-27,1,-1.47,1.45,1.24,1.27,1.55,1.47,1.3,0.83,0.15,-1.11,-1.35,-0.92,0.02,-0.91,0.36,-0.48,-1.18,0.4,0.1,0.36,-2.16,-0.17,0.91,0.02,-1.15,0.67,-0.41,-0.01,-2.68,1.31,0.03,0.56,1.52,0.61,0.96,-0.16,0.25,0.28,-1.33,-0.2,-0.96,0.12,0.18,0.16,0.09,0.42,-0.2,-0.41,-0.2,-1.53,-2.63,2.28,-0.53,-1.18,2.01,-1.34,-0.99,0.0,-0.37,0.69,-0.55,0.85,0.73,-0.8,-1.15,0.67,-0.41,-0.01,-2.68,1.31,0.03,0.56,1.36,0.07,0.26,-0.8,0.22,-1.37,0.08,-0.62,-1.15,0.67,-0.41,-0.01,-2.68,1.31,0.03,0.56,-0.99,0.0,-0.37,0.69,-0.55,0.85,0.73,-0.8,-1.15,0.67,-0.41,-0.01,-2.68,1.31,0.03,0.56,0.22,-0.17,-0.5,0.05,-0.01,-1.34,-0.19,3.56,-0.99,0.0,-0.37,0.69,-0.55,0.85,0.73,-0.8,-1.47,1.45,1.24,1.27,1.55,1.47,1.3,0.83,-0.2,-1.53,-2.63,2.28,-0.53,-1.18,2.01,-1.34,-0.99,0.0,-0.37,0.69,-0.55,0.85,0.73,-0.8,-0.96,0.12,0.18,0.16,0.09,0.42,-0.2,-0.41,0.76,-0.92,0.17,-1.91,0.22,-1.4,-0.24,-0.03
27,DPNRGNQVERPQMTFGRLQG,cv-28,1,-1.15,0.67,-0.41,-0.01,-2.68,1.31,0.03,0.56,0.22,-0.17,-0.5,0.05,-0.01,-1.34,-0.19,3.56,-0.99,0.0,-0.37,0.69,-0.55,0.85,0.73,-0.8,-1.47,1.45,1.24,1.27,1.55,1.47,1.3,0.83,-0.2,-1.53,-2.63,2.28,-0.53,-1.18,2.01,-1.34,-0.99,0.0,-0.37,0.69,-0.55,0.85,0.73,-0.8,-0.96,0.12,0.18,0.16,0.09,0.42,-0.2,-0.41,0.76,-0.92,0.17,-1.91,0.22,-1.4,-0.24,-0.03,-1.18,0.4,0.1,0.36,-2.16,-0.17,0.91,0.02,-1.47,1.45,1.24,1.27,1.55,1.47,1.3,0.83,0.22,-0.17,-0.5,0.05,-0.01,-1.34,-0.19,3.56,-0.96,0.12,0.18,0.16,0.09,0.42,-0.2,-0.41,1.01,-0.53,0.43,0.0,0.23,0.1,-0.86,-0.68,-0.34,-0.51,-0.55,-1.06,0.01,-0.01,-0.79,0.39,1.52,0.61,0.96,-0.16,0.25,0.28,-1.33,-0.2,-0.2,-1.53,-2.63,2.28,-0.53,-1.18,2.01,-1.34,-1.47,1.45,1.24,1.27,1.55,1.47,1.3,0.83,1.36,0.07,0.26,-0.8,0.22,-1.37,0.08,-0.62,-0.96,0.12,0.18,0.16,0.09,0.42,-0.2,-0.41,-0.2,-1.53,-2.63,2.28,-0.53,-1.18,2.01,-1.34
28,RGNQVERPQMTFGRLQGISP,cv-29,1,-1.47,1.45,1.24,1.27,1.55,1.47,1.3,0.83,-0.2,-1.53,-2.63,2.28,-0.53,-1.18,2.01,-1.34,-0.99,0.0,-0.37,0.69,-0.55,0.85,0.73,-0.8,-0.96,0.12,0.18,0.16,0.09,0.42,-0.2,-0.41,0.76,-0.92,0.17,-1.91,0.22,-1.4,-0.24,-0.03,-1.18,0.4,0.1,0.36,-2.16,-0.17,0.91,0.02,-1.47,1.45,1.24,1.27,1.55,1.47,1.3,0.83,0.22,-0.17,-0.5,0.05,-0.01,-1.34,-0.19,3.56,-0.96,0.12,0.18,0.16,0.09,0.42,-0.2,-0.41,1.01,-0.53,0.43,0.0,0.23,0.1,-0.86,-0.68,-0.34,-0.51,-0.55,-1.06,0.01,-0.01,-0.79,0.39,1.52,0.61,0.96,-0.16,0.25,0.28,-1.33,-0.2,-0.2,-1.53,-2.63,2.28,-0.53,-1.18,2.01,-1.34,-1.47,1.45,1.24,1.27,1.55,1.47,1.3,0.83,1.36,0.07,0.26,-0.8,0.22,-1.37,0.08,-0.62,-0.96,0.12,0.18,0.16,0.09,0.42,-0.2,-0.41,-0.2,-1.53,-2.63,2.28,-0.53,-1.18,2.01,-1.34,1.27,-0.14,0.3,-1.8,0.3,-1.61,-0.16,-0.13,-0.67,-0.86,-1.07,-0.41,-0.32,0.27,-0.64,0.11,0.22,-0.17,-0.5,0.05,-0.01,-1.34,-0.19,3.56
29,GNQVERPQMTFGRLQGISPK,cv-30,1,-0.2,-1.53,-2.63,2.28,-0.53,-1.18,2.01,-1.34,-0.99,0.0,-0.37,0.69,-0.55,0.85,0.73,-0.8,-0.96,0.12,0.18,0.16,0.09,0.42,-0.2,-0.41,0.76,-0.92,0.17,-1.91,0.22,-1.4,-0.24,-0.03,-1.18,0.4,0.1,0.36,-2.16,-0.17,0.91,0.02,-1.47,1.45,1.24,1.27,1.55,1.47,1.3,0.83,0.22,-0.17,-0.5,0.05,-0.01,-1.34,-0.19,3.56,-0.96,0.12,0.18,0.16,0.09,0.42,-0.2,-0.41,1.01,-0.53,0.43,0.0,0.23,0.1,-0.86,-0.68,-0.34,-0.51,-0.55,-1.06,0.01,-0.01,-0.79,0.39,1.52,0.61,0.96,-0.16,0.25,0.28,-1.33,-0.2,-0.2,-1.53,-2.63,2.28,-0.53,-1.18,2.01,-1.34,-1.47,1.45,1.24,1.27,1.55,1.47,1.3,0.83,1.36,0.07,0.26,-0.8,0.22,-1.37,0.08,-0.62,-0.96,0.12,0.18,0.16,0.09,0.42,-0.2,-0.41,-0.2,-1.53,-2.63,2.28,-0.53,-1.18,2.01,-1.34,1.27,-0.14,0.3,-1.8,0.3,-1.61,-0.16,-0.13,-0.67,-0.86,-1.07,-0.41,-0.32,0.27,-0.64,0.11,0.22,-0.17,-0.5,0.05,-0.01,-1.34,-0.19,3.56,-1.17,0.7,0.7,0.8,1.64,0.67,1.63,0.13
30,NQVERPQMTFGRLQGISPKI,cv-31,1,-0.99,0.0,-0.37,0.69,-0.55,0.85,0.73,-0.8,-0.96,0.12,0.18,0.16,0.09,0.42,-0.2,-0.41,0.76,-0.92,0.17,-1.91,0.22,-1.4,-0.24,-0.03,-1.18,0.4,0.1,0.36,-2.16,-0.17,0.91,0.02,-1.47,1.45,1.24,1.27,1.55,1.47,1.3,0.83,0.22,-0.17,-0.5,0.05,-0.01,-1.34,-0.19,3.56,-0.96,0.12,0.18,0.16,0.09,0.42,-0.2,-0.41,1.01,-0.53,0.43,0.0,0.23,0.1,-0.86,-0.68,-0.34,-0.51,-0.55,-1.06,0.01,-0.01,-0.79,0.39,1.52,0.61,0.96,-0.16,0.25,0.28,-1.33,-0.2,-0.2,-1.53,-2.63,2.28,-0.53,-1.18,2.01,-1.34,-1.47,1.45,1.24,1.27,1.55,1.47,1.3,0.83,1.36,0.07,0.26,-0.8,0.22,-1.37,0.08,-0.62,-0.96,0.12,0.18,0.16,0.09,0.42,-0.2,-0.41,-0.2,-1.53,-2.63,2.28,-0.53,-1.18,2.01,-1.34,1.27,-0.14,0.3,-1.8,0.3,-1.61,-0.16,-0.13,-0.67,-0.86,-1.07,-0.41,-0.32,0.27,-0.64,0.11,0.22,-0.17,-0.5,0.05,-0.01,-1.34,-0.19,3.56,-1.17,0.7,0.7,0.8,1.64,0.67,1.63,0.13,1.27,-0.14,0.3,-1.8,0.3,-1.61,-0.16,-0.13
31,QVERPQMTFGRLQGISPKIM,cv-32,1,-0.96,0.12,0.18,0.16,0.09,0.42,-0.2,-0.41,0.76,-0.92,0.17,-1.91,0.22,-1.4,-0.24,-0.03,-1.18,0.4,0.1,0.36,-2.16,-0.17,0.91,0.02,-1.47,1.45,1.24,1.27,1.55,1.47,1.3,0.83,0.22,-0.17,-0.5,0.05,-0.01,-1.34,-0.19,3.56,-0.96,0.12,0.18,0.16,0.09,0.42,-0.2,-0.41,1.01,-0.53,0.43,0.0,0.23,0.1,-0.86,-0.68,-0.34,-0.51,-0.55,-1.06,0.01,-0.01,-0.79,0.39,1.52,0.61,0.96,-0.16,0.25,0.28,-1.33,-0.2,-0.2,-1.53,-2.63,2.28,-0.53,-1.18,2.01,-1.34,-1.47,1.45,1.24,1.27,1.55,1.47,1.3,0.83,1.36,0.07,0.26,-0.8,0.22,-1.37,0.08,-0.62,-0.96,0.12,0.18,0.16,0.09,0.42,-0.2,-0.41,-0.2,-1.53,-2.63,2.28,-0.53,-1.18,2.01,-1.34,1.27,-0.14,0.3,-1.8,0.3,-1.61,-0.16,-0.13,-0.67,-0.86,-1.07,-0.41,-0.32,0.27,-0.64,0.11,0.22,-0.17,-0.5,0.05,-0.01,-1.34,-0.19,3.56,-1.17,0.7,0.7,0.8,1.64,0.67,1.63,0.13,1.27,-0.14,0.3,-1.8,0.3,-1.61,-0.16,-0.13,1.01,-0.53,0.43,0.0,0.23,0.1,-0.86,-0.68
32,ERPQMTFGRLQGISPKIMPK,cv-33,1,-1.18,0.4,0.1,0.36,-2.16,-0.17,0.91,0.02,-1.47,1.45,1.24,1.27,1.55,1.47,1.3,0.83,0.22,-0.17,-0.5,0.05,-0.01,-1.34,-0.19,3.56,-0.96,0.12,0.18,0.16,0.09,0.42,-0.2,-0.41,1.01,-0.53,0.43,0.0,0.23,0.1,-0.86,-0.68,-0.34,-0.51,-0.55,-1.06,0.01,-0.01,-0.79,0.39,1.52,0.61,0.96,-0.16,0.25,0.28,-1.33,-0.2,-0.2,-1.53,-2.63,2.28,-0.53,-1.18,2.01,-1.34,-1.47,1.45,1.24,1.27,1.55,1.47,1.3,0.83,1.36,0.07,0.26,-0.8,0.22,-1.37,0.08,-0.62,-0.96,0.12,0.18,0.16,0.09,0.42,-0.2,-0.41,-0.2,-1.53,-2.63,2.28,-0.53,-1.18,2.01,-1.34,1.27,-0.14,0.3,-1.8,0.3,-1.61,-0.16,-0.13,-0.67,-0.86,-1.07,-0.41,-0.32,0.27,-0.64,0.11,0.22,-0.17,-0.5,0.05,-0.01,-1.34,-0.19,3.56,-1.17,0.7,0.7,0.8,1.64,0.67,1.63,0.13,1.27,-0.14,0.3,-1.8,0.3,-1.61,-0.16,-0.13,1.01,-0.53,0.43,0.0,0.23,0.1,-0.86,-0.68,0.22,-0.17,-0.5,0.05,-0.01,-1.34,-0.19,3.56,-1.17,0.7,0.7,0.8,1.64,0.67,1.63,0.13
33,GRLQGISPKIMPKKPAEEGN,cv-34,1,-0.2,-1.53,-2.63,2.28,-0.53,-1.18,2.01,-1.34,-1.47,1.45,1.24,1.27,1.55,1.47,1.3,0.83,1.36,0.07,0.26,-0.8,0.22,-1.37,0.08,-0.62,-0.96,0.12,0.18,0.16,0.09,0.42,-0.2,-0.41,-0.2,-1.53,-2.63,2.28,-0.53,-1.18,2.01,-1.34,1.27,-0.14,0.3,-1.8,0.3,-1.61,-0.16,-0.13,-0.67,-0.86,-1.07,-0.41,-0.32,0.27,-0.64,0.11,0.22,-0.17,-0.5,0.05,-0.01,-1.34,-0.19,3.56,-1.17,0.7,0.7,0.8,1.64,0.67,1.63,0.13,1.27,-0.14,0.3,-1.8,0.3,-1.61,-0.16,-0.13,1.01,-0.53,0.43,0.0,0.23,0.1,-0.86,-0.68,0.22,-0.17,-0.5,0.05,-0.01,-1.34,-0.19,3.56,-1.17,0.7,0.7,0.8,1.64,0.67,1.63,0.13,-1.17,0.7,0.7,0.8,1.64,0.67,1.63,0.13,0.22,-0.17,-0.5,0.05,-0.01,-1.34,-0.19,3.56,0.15,-1.11,-1.35,-0.92,0.02,-0.91,0.36,-0.48,-1.18,0.4,0.1,0.36,-2.16,-0.17,0.91,0.02,-1.18,0.4,0.1,0.36,-2.16,-0.17,0.91,0.02,-0.2,-1.53,-2.63,2.28,-0.53,-1.18,2.01,-1.34,-0.99,0.0,-0.37,0.69,-0.55,0.85,0.73,-0.8
34,NDSEEVPEASGPQNDGKELC,cv-35,1,-0.99,0.0,-0.37,0.69,-0.55,0.85,0.73,-0.8,-1.15,0.67,-0.41,-0.01,-2.68,1.31,0.03,0.56,-0.67,-0.86,-1.07,-0.41,-0.32,0.27,-0.64,0.11,-1.18,0.4,0.1,0.36,-2.16,-0.17,0.91,0.02,-1.18,0.4,0.1,0.36,-2.16,-0.17,0.91,0.02,0.76,-0.92,0.17,-1.91,0.22,-1.4,-0.24,-0.03,0.22,-0.17,-0.5,0.05,-0.01,-1.34,-0.19,3.56,-1.18,0.4,0.1,0.36,-2.16,-0.17,0.91,0.02,0.15,-1.11,-1.35,-0.92,0.02,-0.91,0.36,-0.48,-0.67,-0.86,-1.07,-0.41,-0.32,0.27,-0.64,0.11,-0.2,-1.53,-2.63,2.28,-0.53,-1.18,2.01,-1.34,0.22,-0.17,-0.5,0.05,-0.01,-1.34,-0.19,3.56,-0.96,0.12,0.18,0.16,0.09,0.42,-0.2,-0.41,-0.99,0.0,-0.37,0.69,-0.55,0.85,0.73,-0.8,-1.15,0.67,-0.41,-0.01,-2.68,1.31,0.03,0.56,-0.2,-1.53,-2.63,2.28,-0.53,-1.18,2.01,-1.34,-1.17,0.7,0.7,0.8,1.64,0.67,1.63,0.13,-1.18,0.4,0.1,0.36,-2.16,-0.17,0.91,0.02,1.36,0.07,0.26,-0.8,0.22,-1.37,0.08,-0.62,0.18,-1.67,-0.46,-0.21,0.0,1.2,-1.61,-0.19
35,PEASGPQNDGKELCPPGKPT,cv-36,1,0.22,-0.17,-0.5,0.05,-0.01,-1.34,-0.19,3.56,-1.18,0.4,0.1,0.36,-2.16,-0.17,0.91,0.02,0.15,-1.11,-1.35,-0.92,0.02,-0.91,0.36,-0.48,-0.67,-0.86,-1.07,-0.41,-0.32,0.27,-0.64,0.11,-0.2,-1.53,-2.63,2.28,-0.53,-1.18,2.01,-1.34,0.22,-0.17,-0.5,0.05,-0.01,-1.34,-0.19,3.56,-0.96,0.12,0.18,0.16,0.09,0.42,-0.2,-0.41,-0.99,0.0,-0.37,0.69,-0.55,0.85,0.73,-0.8,-1.15,0.67,-0.41,-0.01,-2.68,1.31,0.03,0.56,-0.2,-1.53,-2.63,2.28,-0.53,-1.18,2.01,-1.34,-1.17,0.7,0.7,0.8,1.64,0.67,1.63,0.13,-1.18,0.4,0.1,0.36,-2.16,-0.17,0.91,0.02,1.36,0.07,0.26,-0.8,0.22,-1.37,0.08,-0.62,0.18,-1.67,-0.46,-0.21,0.0,1.2,-1.61,-0.19,0.22,-0.17,-0.5,0.05,-0.01,-1.34,-0.19,3.56,0.22,-0.17,-0.5,0.05,-0.01,-1.34,-0.19,3.56,-0.2,-1.53,-2.63,2.28,-0.53,-1.18,2.01,-1.34,-1.17,0.7,0.7,0.8,1.64,0.67,1.63,0.13,0.22,-0.17,-0.5,0.05,-0.01,-1.34,-0.19,3.56,-0.34,-0.51,-0.55,-1.06,0.01,-0.01,-0.79,0.39
36,SGPQNDGKELCPPGKPTTSE,cv-37,1,-0.67,-0.86,-1.07,-0.41,-0.32,0.27,-0.64,0.11,-0.2,-1.53,-2.63,2.28,-0.53,-1.18,2.01,-1.34,0.22,-0.17,-0.5,0.05,-0.01,-1.34,-0.19,3.56,-0.96,0.12,0.18,0.16,0.09,0.42,-0.2,-0.41,-0.99,0.0,-0.37,0.69,-0.55,0.85,0.73,-0.8,-1.15,0.67,-0.41,-0.01,-2.68,1.31,0.03,0.56,-0.2,-1.53,-2.63,2.28,-0.53,-1.18,2.01,-1.34,-1.17,0.7,0.7,0.8,1.64,0.67,1.63,0.13,-1.18,0.4,0.1,0.36,-2.16,-0.17,0.91,0.02,1.36,0.07,0.26,-0.8,0.22,-1.37,0.08,-0.62,0.18,-1.67,-0.46,-0.21,0.0,1.2,-1.61,-0.19,0.22,-0.17,-0.5,0.05,-0.01,-1.34,-0.19,3.56,0.22,-0.17,-0.5,0.05,-0.01,-1.34,-0.19,3.56,-0.2,-1.53,-2.63,2.28,-0.53,-1.18,2.01,-1.34,-1.17,0.7,0.7,0.8,1.64,0.67,1.63,0.13,0.22,-0.17,-0.5,0.05,-0.01,-1.34,-0.19,3.56,-0.34,-0.51,-0.55,-1.06,0.01,-0.01,-0.79,0.39,-0.34,-0.51,-0.55,-1.06,0.01,-0.01,-0.79,0.39,-0.67,-0.86,-1.07,-0.41,-0.32,0.27,-0.64,0.11,-1.18,0.4,0.1,0.36,-2.16,-0.17,0.91,0.02
37,KPTTSEKIHERSGPKRGEHA,cv-38,1,-1.17,0.7,0.7,0.8,1.64,0.67,1.63,0.13,0.22,-0.17,-0.5,0.05,-0.01,-1.34,-0.19,3.56,-0.34,-0.51,-0.55,-1.06,0.01,-0.01,-0.79,0.39,-0.34,-0.51,-0.55,-1.06,0.01,-0.01,-0.79,0.39,-0.67,-0.86,-1.07,-0.41,-0.32,0.27,-0.64,0.11,-1.18,0.4,0.1,0.36,-2.16,-0.17,0.91,0.02,-1.17,0.7,0.7,0.8,1.64,0.67,1.63,0.13,1.27,-0.14,0.3,-1.8,0.3,-1.61,-0.16,-0.13,-0.43,-0.25,0.37,0.19,0.51,1.28,0.93,0.65,-1.18,0.4,0.1,0.36,-2.16,-0.17,0.91,0.02,-1.47,1.45,1.24,1.27,1.55,1.47,1.3,0.83,-0.67,-0.86,-1.07,-0.41,-0.32,0.27,-0.64,0.11,-0.2,-1.53,-2.63,2.28,-0.53,-1.18,2.01,-1.34,0.22,-0.17,-0.5,0.05,-0.01,-1.34,-0.19,3.56,-1.17,0.7,0.7,0.8,1.64,0.67,1.63,0.13,-1.47,1.45,1.24,1.27,1.55,1.47,1.3,0.83,-0.2,-1.53,-2.63,2.28,-0.53,-1.18,2.01,-1.34,-1.18,0.4,0.1,0.36,-2.16,-0.17,0.91,0.02,-0.43,-0.25,0.37,0.19,0.51,1.28,0.93,0.65,0.15,-1.11,-1.35,-0.92,0.02,-0.91,0.36,-0.48
38,PTTSEKIHERSGPKRGEHAW,cv-39,1,0.22,-0.17,-0.5,0.05,-0.01,-1.34,-0.19,3.56,-0.34,-0.51,-0.55,-1.06,0.01,-0.01,-0.79,0.39,-0.34,-0.51,-0.55,-1.06,0.01,-0.01,-0.79,0.39,-0.67,-0.86,-1.07,-0.41,-0.32,0.27,-0.64,0.11,-1.18,0.4,0.1,0.36,-2.16,-0.17,0.91,0.02,-1.17,0.7,0.7,0.8,1.64,0.67,1.63,0.13,1.27,-0.14,0.3,-1.8,0.3,-1.61,-0.16,-0.13,-0.43,-0.25,0.37,0.19,0.51,1.28,0.93,0.65,-1.18,0.4,0.1,0.36,-2.16,-0.17,0.91,0.02,-1.47,1.45,1.24,1.27,1.55,1.47,1.3,0.83,-0.67,-0.86,-1.07,-0.41,-0.32,0.27,-0.64,0.11,-0.2,-1.53,-2.63,2.28,-0.53,-1.18,2.01,-1.34,0.22,-0.17,-0.5,0.05,-0.01,-1.34,-0.19,3.56,-1.17,0.7,0.7,0.8,1.64,0.67,1.63,0.13,-1.47,1.45,1.24,1.27,1.55,1.47,1.3,0.83,-0.2,-1.53,-2.63,2.28,-0.53,-1.18,2.01,-1.34,-1.18,0.4,0.1,0.36,-2.16,-0.17,0.91,0.02,-0.43,-0.25,0.37,0.19,0.51,1.28,0.93,0.65,0.15,-1.11,-1.35,-0.92,0.02,-0.91,0.36,-0.48,1.5,2.06,1.79,0.75,0.75,-0.13,-1.06,-0.85
39,SGPKRGEHAWTHRLRERKQL,cv-40,1,-0.67,-0.86,-1.07,-0.41,-0.32,0.27,-0.64,0.11,-0.2,-1.53,-2.63,2.28,-0.53,-1.18,2.01,-1.34,0.22,-0.17,-0.5,0.05,-0.01,-1.34,-0.19,3.56,-1.17,0.7,0.7,0.8,1.64,0.67,1.63,0.13,-1.47,1.45,1.24,1.27,1.55,1.47,1.3,0.83,-0.2,-1.53,-2.63,2.28,-0.53,-1.18,2.01,-1.34,-1.18,0.4,0.1,0.36,-2.16,-0.17,0.91,0.02,-0.43,-0.25,0.37,0.19,0.51,1.28,0.93,0.65,0.15,-1.11,-1.35,-0.92,0.02,-0.91,0.36,-0.48,1.5,2.06,1.79,0.75,0.75,-0.13,-1.06,-0.85,-0.34,-0.51,-0.55,-1.06,0.01,-0.01,-0.79,0.39,-0.43,-0.25,0.37,0.19,0.51,1.28,0.93,0.65,-1.47,1.45,1.24,1.27,1.55,1.47,1.3,0.83,1.36,0.07,0.26,-0.8,0.22,-1.37,0.08,-0.62,-1.47,1.45,1.24,1.27,1.55,1.47,1.3,0.83,-1.18,0.4,0.1,0.36,-2.16,-0.17,0.91,0.02,-1.47,1.45,1.24,1.27,1.55,1.47,1.3,0.83,-1.17,0.7,0.7,0.8,1.64,0.67,1.63,0.13,-0.96,0.12,0.18,0.16,0.09,0.42,-0.2,-0.41,1.36,0.07,0.26,-0.8,0.22,-1.37,0.08,-0.62
40,PKRGEHAWTHRLRERKQLVI,cv-41,1,0.22,-0.17,-0.5,0.05,-0.01,-1.34,-0.19,3.56,-1.17,0.7,0.7,0.8,1.64,0.67,1.63,0.13,-1.47,1.45,1.24,1.27,1.55,1.47,1.3,0.83,-0.2,-1.53,-2.63,2.28,-0.53,-1.18,2.01,-1.34,-1.18,0.4,0.1,0.36,-2.16,-0.17,0.91,0.02,-0.43,-0.25,0.37,0.19,0.51,1.28,0.93,0.65,0.15,-1.11,-1.35,-0.92,0.02,-0.91,0.36,-0.48,1.5,2.06,1.79,0.75,0.75,-0.13,-1.06,-0.85,-0.34,-0.51,-0.55,-1.06,0.01,-0.01,-0.79,0.39,-0.43,-0.25,0.37,0.19,0.51,1.28,0.93,0.65,-1.47,1.45,1.24,1.27,1.55,1.47,1.3,0.83,1.36,0.07,0.26,-0.8,0.22,-1.37,0.08,-0.62,-1.47,1.45,1.24,1.27,1.55,1.47,1.3,0.83,-1.18,0.4,0.1,0.36,-2.16,-0.17,0.91,0.02,-1.47,1.45,1.24,1.27,1.55,1.47,1.3,0.83,-1.17,0.7,0.7,0.8,1.64,0.67,1.63,0.13,-0.96,0.12,0.18,0.16,0.09,0.42,-0.2,-0.41,1.36,0.07,0.26,-0.8,0.22,-1.37,0.08,-0.62,0.76,-0.92,0.17,-1.91,0.22,-1.4,-0.24,-0.03,1.27,-0.14,0.3,-1.8,0.3,-1.61,-0.16,-0.13
41,RGEHAWTHRLRERKQLVIYE,cv-42,1,-1.47,1.45,1.24,1.27,1.55,1.47,1.3,0.83,-0.2,-1.53,-2.63,2.28,-0.53,-1.18,2.01,-1.34,-1.18,0.4,0.1,0.36,-2.16,-0.17,0.91,0.02,-0.43,-0.25,0.37,0.19,0.51,1.28,0.93,0.65,0.15,-1.11,-1.35,-0.92,0.02,-0.91,0.36,-0.48,1.5,2.06,1.79,0.75,0.75,-0.13,-1.06,-0.85,-0.34,-0.51,-0.55,-1.06,0.01,-0.01,-0.79,0.39,-0.43,-0.25,0.37,0.19,0.51,1.28,0.93,0.65,-1.47,1.45,1.24,1.27,1.55,1.47,1.3,0.83,1.36,0.07,0.26,-0.8,0.22,-1.37,0.08,-0.62,-1.47,1.45,1.24,1.27,1.55,1.47,1.3,0.83,-1.18,0.4,0.1,0.36,-2.16,-0.17,0.91,0.02,-1.47,1.45,1.24,1.27,1.55,1.47,1.3,0.83,-1.17,0.7,0.7,0.8,1.64,0.67,1.63,0.13,-0.96,0.12,0.18,0.16,0.09,0.42,-0.2,-0.41,1.36,0.07,0.26,-0.8,0.22,-1.37,0.08,-0.62,0.76,-0.92,0.17,-1.91,0.22,-1.4,-0.24,-0.03,1.27,-0.14,0.3,-1.8,0.3,-1.61,-0.16,-0.13,0.61,1.6,1.17,0.73,0.53,0.25,-0.96,-0.52,-1.18,0.4,0.1,0.36,-2.16,-0.17,0.91,0.02
42,EHAWTHRLRERKQLVIYEEI,cv-43,1,-1.18,0.4,0.1,0.36,-2.16,-0.17,0.91,0.02,-0.43,-0.25,0.37,0.19,0.51,1.28,0.93,0.65,0.15,-1.11,-1.35,-0.92,0.02,-0.91,0.36,-0.48,1.5,2.06,1.79,0.75,0.75,-0.13,-1.06,-0.85,-0.34,-0.51,-0.55,-1.06,0.01,-0.01,-0.79,0.39,-0.43,-0.25,0.37,0.19,0.51,1.28,0.93,0.65,-1.47,1.45,1.24,1.27,1.55,1.47,1.3,0.83,1.36,0.07,0.26,-0.8,0.22,-1.37,0.08,-0.62,-1.47,1.45,1.24,1.27,1.55,1.47,1.3,0.83,-1.18,0.4,0.1,0.36,-2.16,-0.17,0.91,0.02,-1.47,1.45,1.24,1.27,1.55,1.47,1.3,0.83,-1.17,0.7,0.7,0.8,1.64,0.67,1.63,0.13,-0.96,0.12,0.18,0.16,0.09,0.42,-0.2,-0.41,1.36,0.07,0.26,-0.8,0.22,-1.37,0.08,-0.62,0.76,-0.92,0.17,-1.91,0.22,-1.4,-0.24,-0.03,1.27,-0.14,0.3,-1.8,0.3,-1.61,-0.16,-0.13,0.61,1.6,1.17,0.73,0.53,0.25,-0.96,-0.52,-1.18,0.4,0.1,0.36,-2.16,-0.17,0.91,0.02,-1.18,0.4,0.1,0.36,-2.16,-0.17,0.91,0.02,1.27,-0.14,0.3,-1.8,0.3,-1.61,-0.16,-0.13
43,HAWTHRLRERKQLVIYEEIS,cv-44,1,-0.43,-0.25,0.37,0.19,0.51,1.28,0.93,0.65,0.15,-1.11,-1.35,-0.92,0.02,-0.91,0.36,-0.48,1.5,2.06,1.79,0.75,0.75,-0.13,-1.06,-0.85,-0.34,-0.51,-0.55,-1.06,0.01,-0.01,-0.79,0.39,-0.43,-0.25,0.37,0.19,0.51,1.28,0.93,0.65,-1.47,1.45,1.24,1.27,1.55,1.47,1.3,0.83,1.36,0.07,0.26,-0.8,0.22,-1.37,0.08,-0.62,-1.47,1.45,1.24,1.27,1.55,1.47,1.3,0.83,-1.18,0.4,0.1,0.36,-2.16,-0.17,0.91,0.02,-1.47,1.45,1.24,1.27,1.55,1.47,1.3,0.83,-1.17,0.7,0.7,0.8,1.64,0.67,1.63,0.13,-0.96,0.12,0.18,0.16,0.09,0.42,-0.2,-0.41,1.36,0.07,0.26,-0.8,0.22,-1.37,0.08,-0.62,0.76,-0.92,0.17,-1.91,0.22,-1.4,-0.24,-0.03,1.27,-0.14,0.3,-1.8,0.3,-1.61,-0.16,-0.13,0.61,1.6,1.17,0.73,0.53,0.25,-0.96,-0.52,-1.18,0.4,0.1,0.36,-2.16,-0.17,0.91,0.02,-1.18,0.4,0.1,0.36,-2.16,-0.17,0.91,0.02,1.27,-0.14,0.3,-1.8,0.3,-1.61,-0.16,-0.13,-0.67,-0.86,-1.07,-0.41,-0.32,0.27,-0.64,0.11
44,WTHRLRERKQLVIYEEISDP,cv-45,1,1.5,2.06,1.79,0.75,0.75,-0.13,-1.06,-0.85,-0.34,-0.51,-0.55,-1.06,0.01,-0.01,-0.79,0.39,-0.43,-0.25,0.37,0.19,0.51,1.28,0.93,0.65,-1.47,1.45,1.24,1.27,1.55,1.47,1.3,0.83,1.36,0.07,0.26,-0.8,0.22,-1.37,0.08,-0.62,-1.47,1.45,1.24,1.27,1.55,1.47,1.3,0.83,-1.18,0.4,0.1,0.36,-2.16,-0.17,0.91,0.02,-1.47,1.45,1.24,1.27,1.55,1.47,1.3,0.83,-1.17,0.7,0.7,0.8,1.64,0.67,1.63,0.13,-0.96,0.12,0.18,0.16,0.09,0.42,-0.2,-0.41,1.36,0.07,0.26,-0.8,0.22,-1.37,0.08,-0.62,0.76,-0.92,0.17,-1.91,0.22,-1.4,-0.24,-0.03,1.27,-0.14,0.3,-1.8,0.3,-1.61,-0.16,-0.13,0.61,1.6,1.17,0.73,0.53,0.25,-0.96,-0.52,-1.18,0.4,0.1,0.36,-2.16,-0.17,0.91,0.02,-1.18,0.4,0.1,0.36,-2.16,-0.17,0.91,0.02,1.27,-0.14,0.3,-1.8,0.3,-1.61,-0.16,-0.13,-0.67,-0.86,-1.07,-0.41,-0.32,0.27,-0.64,0.11,-1.15,0.67,-0.41,-0.01,-2.68,1.31,0.03,0.56,0.22,-0.17,-0.5,0.05,-0.01,-1.34,-0.19,3.56
45,THRLRERKQLVIYEEISDPE,cv-46,1,-0.34,-0.51,-0.55,-1.06,0.01,-0.01,-0.79,0.39,-0.43,-0.25,0.37,0.19,0.51,1.28,0.93,0.65,-1.47,1.45,1.24,1.27,1.55,1.47,1.3,0.83,1.36,0.07,0.26,-0.8,0.22,-1.37,0.08,-0.62,-1.47,1.45,1.24,1.27,1.55,1.47,1.3,0.83,-1.18,0.4,0.1,0.36,-2.16,-0.17,0.91,0.02,-1.47,1.45,1.24,1.27,1.55,1.47,1.3,0.83,-1.17,0.7,0.7,0.8,1.64,0.67,1.63,0.13,-0.96,0.12,0.18,0.16,0.09,0.42,-0.2,-0.41,1.36,0.07,0.26,-0.8,0.22,-1.37,0.08,-0.62,0.76,-0.92,0.17,-1.91,0.22,-1.4,-0.24,-0.03,1.27,-0.14,0.3,-1.8,0.3,-1.61,-0.16,-0.13,0.61,1.6,1.17,0.73,0.53,0.25,-0.96,-0.52,-1.18,0.4,0.1,0.36,-2.16,-0.17,0.91,0.02,-1.18,0.4,0.1,0.36,-2.16,-0.17,0.91,0.02,1.27,-0.14,0.3,-1.8,0.3,-1.61,-0.16,-0.13,-0.67,-0.86,-1.07,-0.41,-0.32,0.27,-0.64,0.11,-1.15,0.67,-0.41,-0.01,-2.68,1.31,0.03,0.56,0.22,-0.17,-0.5,0.05,-0.01,-1.34,-0.19,3.56,-1.18,0.4,0.1,0.36,-2.16,-0.17,0.91,0.02
46,LRERKQLVIYEEISDPEEDD,cv-47,1,1.36,0.07,0.26,-0.8,0.22,-1.37,0.08,-0.62,-1.47,1.45,1.24,1.27,1.55,1.47,1.3,0.83,-1.18,0.4,0.1,0.36,-2.16,-0.17,0.91,0.02,-1.47,1.45,1.24,1.27,1.55,1.47,1.3,0.83,-1.17,0.7,0.7,0.8,1.64,0.67,1.63,0.13,-0.96,0.12,0.18,0.16,0.09,0.42,-0.2,-0.41,1.36,0.07,0.26,-0.8,0.22,-1.37,0.08,-0.62,0.76,-0.92,0.17,-1.91,0.22,-1.4,-0.24,-0.03,1.27,-0.14,0.3,-1.8,0.3,-1.61,-0.16,-0.13,0.61,1.6,1.17,0.73,0.53,0.25,-0.96,-0.52,-1.18,0.4,0.1,0.36,-2.16,-0.17,0.91,0.02,-1.18,0.4,0.1,0.36,-2.16,-0.17,0.91,0.02,1.27,-0.14,0.3,-1.8,0.3,-1.61,-0.16,-0.13,-0.67,-0.86,-1.07,-0.41,-0.32,0.27,-0.64,0.11,-1.15,0.67,-0.41,-0.01,-2.68,1.31,0.03,0.56,0.22,-0.17,-0.5,0.05,-0.01,-1.34,-0.19,3.56,-1.18,0.4,0.1,0.36,-2.16,-0.17,0.91,0.02,-1.18,0.4,0.1,0.36,-2.16,-0.17,0.91,0.02,-1.15,0.67,-0.41,-0.01,-2.68,1.31,0.03,0.56,-1.15,0.67,-0.41,-0.01,-2.68,1.31,0.03,0.56
47,RERKQLVIYEEISDPEEDDE,cv-48,1,-1.47,1.45,1.24,1.27,1.55,1.47,1.3,0.83,-1.18,0.4,0.1,0.36,-2.16,-0.17,0.91,0.02,-1.47,1.45,1.24,1.27,1.55,1.47,1.3,0.83,-1.17,0.7,0.7,0.8,1.64,0.67,1.63,0.13,-0.96,0.12,0.18,0.16,0.09,0.42,-0.2,-0.41,1.36,0.07,0.26,-0.8,0.22,-1.37,0.08,-0.62,0.76,-0.92,0.17,-1.91,0.22,-1.4,-0.24,-0.03,1.27,-0.14,0.3,-1.8,0.3,-1.61,-0.16,-0.13,0.61,1.6,1.17,0.73,0.53,0.25,-0.96,-0.52,-1.18,0.4,0.1,0.36,-2.16,-0.17,0.91,0.02,-1.18,0.4,0.1,0.36,-2.16,-0.17,0.91,0.02,1.27,-0.14,0.3,-1.8,0.3,-1.61,-0.16,-0.13,-0.67,-0.86,-1.07,-0.41,-0.32,0.27,-0.64,0.11,-1.15,0.67,-0.41,-0.01,-2.68,1.31,0.03,0.56,0.22,-0.17,-0.5,0.05,-0.01,-1.34,-0.19,3.56,-1.18,0.4,0.1,0.36,-2.16,-0.17,0.91,0.02,-1.18,0.4,0.1,0.36,-2.16,-0.17,0.91,0.02,-1.15,0.67,-0.41,-0.01,-2.68,1.31,0.03,0.56,-1.15,0.67,-0.41,-0.01,-2.68,1.31,0.03,0.56,-1.18,0.4,0.1,0.36,-2.16,-0.17,0.91,0.02
48,GPGVRYPLTFGWCYKLVPVE,ncv-1,-1,-0.2,-1.53,-2.63,2.28,-0.53,-1.18,2.01,-1.34,0.22,-0.17,-0.5,0.05,-0.01,-1.34,-0.19,3.56,-0.2,-1.53,-2.63,2.28,-0.53,-1.18,2.01,-1.34,0.76,-0.92,0.17,-1.91,0.22,-1.4,-0.24,-0.03,-1.47,1.45,1.24,1.27,1.55,1.47,1.3,0.83,0.61,1.6,1.17,0.73,0.53,0.25,-0.96,-0.52,0.22,-0.17,-0.5,0.05,-0.01,-1.34,-0.19,3.56,1.36,0.07,0.26,-0.8,0.22,-1.37,0.08,-0.62,-0.34,-0.51,-0.55,-1.06,0.01,-0.01,-0.79,0.39,1.52,0.61,0.96,-0.16,0.25,0.28,-1.33,-0.2,-0.2,-1.53,-2.63,2.28,-0.53,-1.18,2.01,-1.34,1.5,2.06,1.79,0.75,0.75,-0.13,-1.06,-0.85,0.18,-1.67,-0.46,-0.21,0.0,1.2,-1.61,-0.19,0.61,1.6,1.17,0.73,0.53,0.25,-0.96,-0.52,-1.17,0.7,0.7,0.8,1.64,0.67,1.63,0.13,1.36,0.07,0.26,-0.8,0.22,-1.37,0.08,-0.62,0.76,-0.92,0.17,-1.91,0.22,-1.4,-0.24,-0.03,0.22,-0.17,-0.5,0.05,-0.01,-1.34,-0.19,3.56,0.76,-0.92,0.17,-1.91,0.22,-1.4,-0.24,-0.03,-1.18,0.4,0.1,0.36,-2.16,-0.17,0.91,0.02
49,PGVRYPLTFGWCYKLVPVEP,ncv-2,-1,0.22,-0.17,-0.5,0.05,-0.01,-1.34,-0.19,3.56,-0.2,-1.53,-2.63,2.28,-0.53,-1.18,2.01,-1.34,0.76,-0.92,0.17,-1.91,0.22,-1.4,-0.24,-0.03,-1.47,1.45,1.24,1.27,1.55,1.47,1.3,0.83,0.61,1.6,1.17,0.73,0.53,0.25,-0.96,-0.52,0.22,-0.17,-0.5,0.05,-0.01,-1.34,-0.19,3.56,1.36,0.07,0.26,-0.8,0.22,-1.37,0.08,-0.62,-0.34,-0.51,-0.55,-1.06,0.01,-0.01,-0.79,0.39,1.52,0.61,0.96,-0.16,0.25,0.28,-1.33,-0.2,-0.2,-1.53,-2.63,2.28,-0.53,-1.18,2.01,-1.34,1.5,2.06,1.79,0.75,0.75,-0.13,-1.06,-0.85,0.18,-1.67,-0.46,-0.21,0.0,1.2,-1.61,-0.19,0.61,1.6,1.17,0.73,0.53,0.25,-0.96,-0.52,-1.17,0.7,0.7,0.8,1.64,0.67,1.63,0.13,1.36,0.07,0.26,-0.8,0.22,-1.37,0.08,-0.62,0.76,-0.92,0.17,-1.91,0.22,-1.4,-0.24,-0.03,0.22,-0.17,-0.5,0.05,-0.01,-1.34,-0.19,3.56,0.76,-0.92,0.17,-1.91,0.22,-1.4,-0.24,-0.03,-1.18,0.4,0.1,0.36,-2.16,-0.17,0.91,0.02,0.22,-0.17,-0.5,0.05,-0.01,-1.34,-0.19,3.56
50,DWQNYTPGPGVRYPLTFGWC,ncv-3,-1,-1.15,0.67,-0.41,-0.01,-2.68,1.31,0.03,0.56,1.5,2.06,1.79,0.75,0.75,-0.13,-1.06,-0.85,-0.96,0.12,0.18,0.16,0.09,0.42,-0.2,-0.41,-0.99,0.0,-0.37,0.69,-0.55,0.85,0.73,-0.8,0.61,1.6,1.17,0.73,0.53,0.25,-0.96,-0.52,-0.34,-0.51,-0.55,-1.06,0.01,-0.01,-0.79,0.39,0.22,-0.17,-0.5,0.05,-0.01,-1.34,-0.19,3.56,-0.2,-1.53,-2.63,2.28,-0.53,-1.18,2.01,-1.34,0.22,-0.17,-0.5,0.05,-0.01,-1.34,-0.19,3.56,-0.2,-1.53,-2.63,2.28,-0.53,-1.18,2.01,-1.34,0.76,-0.92,0.17,-1.91,0.22,-1.4,-0.24,-0.03,-1.47,1.45,1.24,1.27,1.55,1.47,1.3,0.83,0.61,1.6,1.17,0.73,0.53,0.25,-0.96,-0.52,0.22,-0.17,-0.5,0.05,-0.01,-1.34,-0.19,3.56,1.36,0.07,0.26,-0.8,0.22,-1.37,0.08,-0.62,-0.34,-0.51,-0.55,-1.06,0.01,-0.01,-0.79,0.39,1.52,0.61,0.96,-0.16,0.25,0.28,-1.33,-0.2,-0.2,-1.53,-2.63,2.28,-0.53,-1.18,2.01,-1.34,1.5,2.06,1.79,0.75,0.75,-0.13,-1.06,-0.85,0.18,-1.67,-0.46,-0.21,0.0,1.2,-1.61,-0.19
51,WQNTPGPGVRYPLTFGWCYK,ncv-4,-1,1.5,2.06,1.79,0.75,0.75,-0.13,-1.06,-0.85,-0.96,0.12,0.18,0.16,0.09,0.42,-0.2,-0.41,-0.99,0.0,-0.37,0.69,-0.55,0.85,0.73,-0.8,-0.34,-0.51,-0.55,-1.06,0.01,-0.01,-0.79,0.39,0.22,-0.17,-0.5,0.05,-0.01,-1.34,-0.19,3.56,-0.2,-1.53,-2.63,2.28,-0.53,-1.18,2.01,-1.34,0.22,-0.17,-0.5,0.05,-0.01,-1.34,-0.19,3.56,-0.2,-1.53,-2.63,2.28,-0.53,-1.18,2.01,-1.34,0.76,-0.92,0.17,-1.91,0.22,-1.4,-0.24,-0.03,-1.47,1.45,1.24,1.27,1.55,1.47,1.3,0.83,0.61,1.6,1.17,0.73,0.53,0.25,-0.96,-0.52,0.22,-0.17,-0.5,0.05,-0.01,-1.34,-0.19,3.56,1.36,0.07,0.26,-0.8,0.22,-1.37,0.08,-0.62,-0.34,-0.51,-0.55,-1.06,0.01,-0.01,-0.79,0.39,1.52,0.61,0.96,-0.16,0.25,0.28,-1.33,-0.2,-0.2,-1.53,-2.63,2.28,-0.53,-1.18,2.01,-1.34,1.5,2.06,1.79,0.75,0.75,-0.13,-1.06,-0.85,0.18,-1.67,-0.46,-0.21,0.0,1.2,-1.61,-0.19,0.61,1.6,1.17,0.73,0.53,0.25,-0.96,-0.52,-1.17,0.7,0.7,0.8,1.64,0.67,1.63,0.13
52,YTPGPGVRYPLTFGWCYKLV,ncv-5,-1,0.61,1.6,1.17,0.73,0.53,0.25,-0.96,-0.52,-0.34,-0.51,-0.55,-1.06,0.01,-0.01,-0.79,0.39,0.22,-0.17,-0.5,0.05,-0.01,-1.34,-0.19,3.56,-0.2,-1.53,-2.63,2.28,-0.53,-1.18,2.01,-1.34,0.22,-0.17,-0.5,0.05,-0.01,-1.34,-0.19,3.56,-0.2,-1.53,-2.63,2.28,-0.53,-1.18,2.01,-1.34,0.76,-0.92,0.17,-1.91,0.22,-1.4,-0.24,-0.03,-1.47,1.45,1.24,1.27,1.55,1.47,1.3,0.83,0.61,1.6,1.17,0.73,0.53,0.25,-0.96,-0.52,0.22,-0.17,-0.5,0.05,-0.01,-1.34,-0.19,3.56,1.36,0.07,0.26,-0.8,0.22,-1.37,0.08,-0.62,-0.34,-0.51,-0.55,-1.06,0.01,-0.01,-0.79,0.39,1.52,0.61,0.96,-0.16,0.25,0.28,-1.33,-0.2,-0.2,-1.53,-2.63,2.28,-0.53,-1.18,2.01,-1.34,1.5,2.06,1.79,0.75,0.75,-0.13,-1.06,-0.85,0.18,-1.67,-0.46,-0.21,0.0,1.2,-1.61,-0.19,0.61,1.6,1.17,0.73,0.53,0.25,-0.96,-0.52,-1.17,0.7,0.7,0.8,1.64,0.67,1.63,0.13,1.36,0.07,0.26,-0.8,0.22,-1.37,0.08,-0.62,0.76,-0.92,0.17,-1.91,0.22,-1.4,-0.24,-0.03
53,AFARRPTVGAQIPEKIQKAF,ncv-6,-1,0.15,-1.11,-1.35,-0.92,0.02,-0.91,0.36,-0.48,1.52,0.61,0.96,-0.16,0.25,0.28,-1.33,-0.2,0.15,-1.11,-1.35,-0.92,0.02,-0.91,0.36,-0.48,-1.47,1.45,1.24,1.27,1.55,1.47,1.3,0.83,-1.47,1.45,1.24,1.27,1.55,1.47,1.3,0.83,0.22,-0.17,-0.5,0.05,-0.01,-1.34,-0.19,3.56,-0.34,-0.51,-0.55,-1.06,0.01,-0.01,-0.79,0.39,0.76,-0.92,0.17,-1.91,0.22,-1.4,-0.24,-0.03,-0.2,-1.53,-2.63,2.28,-0.53,-1.18,2.01,-1.34,0.15,-1.11,-1.35,-0.92,0.02,-0.91,0.36,-0.48,-0.96,0.12,0.18,0.16,0.09,0.42,-0.2,-0.41,1.27,-0.14,0.3,-1.8,0.3,-1.61,-0.16,-0.13,0.22,-0.17,-0.5,0.05,-0.01,-1.34,-0.19,3.56,-1.18,0.4,0.1,0.36,-2.16,-0.17,0.91,0.02,-1.17,0.7,0.7,0.8,1.64,0.67,1.63,0.13,1.27,-0.14,0.3,-1.8,0.3,-1.61,-0.16,-0.13,-0.96,0.12,0.18,0.16,0.09,0.42,-0.2,-0.41,-1.17,0.7,0.7,0.8,1.64,0.67,1.63,0.13,0.15,-1.11,-1.35,-0.92,0.02,-0.91,0.36,-0.48,1.52,0.61,0.96,-0.16,0.25,0.28,-1.33,-0.2
54,RRPTVGAQIPEKIQKAFDDI,ncv-7,-1,-1.47,1.45,1.24,1.27,1.55,1.47,1.3,0.83,-1.47,1.45,1.24,1.27,1.55,1.47,1.3,0.83,0.22,-0.17,-0.5,0.05,-0.01,-1.34,-0.19,3.56,-0.34,-0.51,-0.55,-1.06,0.01,-0.01,-0.79,0.39,0.76,-0.92,0.17,-1.91,0.22,-1.4,-0.24,-0.03,-0.2,-1.53,-2.63,2.28,-0.53,-1.18,2.01,-1.34,0.15,-1.11,-1.35,-0.92,0.02,-0.91,0.36,-0.48,-0.96,0.12,0.18,0.16,0.09,0.42,-0.2,-0.41,1.27,-0.14,0.3,-1.8,0.3,-1.61,-0.16,-0.13,0.22,-0.17,-0.5,0.05,-0.01,-1.34,-0.19,3.56,-1.18,0.4,0.1,0.36,-2.16,-0.17,0.91,0.02,-1.17,0.7,0.7,0.8,1.64,0.67,1.63,0.13,1.27,-0.14,0.3,-1.8,0.3,-1.61,-0.16,-0.13,-0.96,0.12,0.18,0.16,0.09,0.42,-0.2,-0.41,-1.17,0.7,0.7,0.8,1.64,0.67,1.63,0.13,0.15,-1.11,-1.35,-0.92,0.02,-0.91,0.36,-0.48,1.52,0.61,0.96,-0.16,0.25,0.28,-1.33,-0.2,-1.15,0.67,-0.41,-0.01,-2.68,1.31,0.03,0.56,-1.15,0.67,-0.41,-0.01,-2.68,1.31,0.03,0.56,1.27,-0.14,0.3,-1.8,0.3,-1.61,-0.16,-0.13
55,RPTVGAQIPEKIQKAFDDIA,ncv-8,-1,-1.47,1.45,1.24,1.27,1.55,1.47,1.3,0.83,0.22,-0.17,-0.5,0.05,-0.01,-1.34,-0.19,3.56,-0.34,-0.51,-0.55,-1.06,0.01,-0.01,-0.79,0.39,0.76,-0.92,0.17,-1.91,0.22,-1.4,-0.24,-0.03,-0.2,-1.53,-2.63,2.28,-0.53,-1.18,2.01,-1.34,0.15,-1.11,-1.35,-0.92,0.02,-0.91,0.36,-0.48,-0.96,0.12,0.18,0.16,0.09,0.42,-0.2,-0.41,1.27,-0.14,0.3,-1.8,0.3,-1.61,-0.16,-0.13,0.22,-0.17,-0.5,0.05,-0.01,-1.34,-0.19,3.56,-1.18,0.4,0.1,0.36,-2.16,-0.17,0.91,0.02,-1.17,0.7,0.7,0.8,1.64,0.67,1.63,0.13,1.27,-0.14,0.3,-1.8,0.3,-1.61,-0.16,-0.13,-0.96,0.12,0.18,0.16,0.09,0.42,-0.2,-0.41,-1.17,0.7,0.7,0.8,1.64,0.67,1.63,0.13,0.15,-1.11,-1.35,-0.92,0.02,-0.91,0.36,-0.48,1.52,0.61,0.96,-0.16,0.25,0.28,-1.33,-0.2,-1.15,0.67,-0.41,-0.01,-2.68,1.31,0.03,0.56,-1.15,0.67,-0.41,-0.01,-2.68,1.31,0.03,0.56,1.27,-0.14,0.3,-1.8,0.3,-1.61,-0.16,-0.13,0.15,-1.11,-1.35,-0.92,0.02,-0.91,0.36,-0.48
56,ARRPTVGAQIPEKIQKAFDD,ncv-9,-1,0.15,-1.11,-1.35,-0.92,0.02,-0.91,0.36,-0.48,-1.47,1.45,1.24,1.27,1.55,1.47,1.3,0.83,-1.47,1.45,1.24,1.27,1.55,1.47,1.3,0.83,0.22,-0.17,-0.5,0.05,-0.01,-1.34,-0.19,3.56,-0.34,-0.51,-0.55,-1.06,0.01,-0.01,-0.79,0.39,0.76,-0.92,0.17,-1.91,0.22,-1.4,-0.24,-0.03,-0.2,-1.53,-2.63,2.28,-0.53,-1.18,2.01,-1.34,0.15,-1.11,-1.35,-0.92,0.02,-0.91,0.36,-0.48,-0.96,0.12,0.18,0.16,0.09,0.42,-0.2,-0.41,1.27,-0.14,0.3,-1.8,0.3,-1.61,-0.16,-0.13,0.22,-0.17,-0.5,0.05,-0.01,-1.34,-0.19,3.56,-1.18,0.4,0.1,0.36,-2.16,-0.17,0.91,0.02,-1.17,0.7,0.7,0.8,1.64,0.67,1.63,0.13,1.27,-0.14,0.3,-1.8,0.3,-1.61,-0.16,-0.13,-0.96,0.12,0.18,0.16,0.09,0.42,-0.2,-0.41,-1.17,0.7,0.7,0.8,1.64,0.67,1.63,0.13,0.15,-1.11,-1.35,-0.92,0.02,-0.91,0.36,-0.48,1.52,0.61,0.96,-0.16,0.25,0.28,-1.33,-0.2,-1.15,0.67,-0.41,-0.01,-2.68,1.31,0.03,0.56,-1.15,0.67,-0.41,-0.01,-2.68,1.31,0.03,0.56
57,RRPTVGAQIPEKIQKAFDDI,ncv-10,-1,-1.47,1.45,1.24,1.27,1.55,1.47,1.3,0.83,-1.47,1.45,1.24,1.27,1.55,1.47,1.3,0.83,0.22,-0.17,-0.5,0.05,-0.01,-1.34,-0.19,3.56,-0.34,-0.51,-0.55,-1.06,0.01,-0.01,-0.79,0.39,0.76,-0.92,0.17,-1.91,0.22,-1.4,-0.24,-0.03,-0.2,-1.53,-2.63,2.28,-0.53,-1.18,2.01,-1.34,0.15,-1.11,-1.35,-0.92,0.02,-0.91,0.36,-0.48,-0.96,0.12,0.18,0.16,0.09,0.42,-0.2,-0.41,1.27,-0.14,0.3,-1.8,0.3,-1.61,-0.16,-0.13,0.22,-0.17,-0.5,0.05,-0.01,-1.34,-0.19,3.56,-1.18,0.4,0.1,0.36,-2.16,-0.17,0.91,0.02,-1.17,0.7,0.7,0.8,1.64,0.67,1.63,0.13,1.27,-0.14,0.3,-1.8,0.3,-1.61,-0.16,-0.13,-0.96,0.12,0.18,0.16,0.09,0.42,-0.2,-0.41,-1.17,0.7,0.7,0.8,1.64,0.67,1.63,0.13,0.15,-1.11,-1.35,-0.92,0.02,-0.91,0.36,-0.48,1.52,0.61,0.96,-0.16,0.25,0.28,-1.33,-0.2,-1.15,0.67,-0.41,-0.01,-2.68,1.31,0.03,0.56,-1.15,0.67,-0.41,-0.01,-2.68,1.31,0.03,0.56,1.27,-0.14,0.3,-1.8,0.3,-1.61,-0.16,-0.13
58,RPTVGAQIPEKIQKAFDDIA,ncv-11,-1,-1.47,1.45,1.24,1.27,1.55,1.47,1.3,0.83,0.22,-0.17,-0.5,0.05,-0.01,-1.34,-0.19,3.56,-0.34,-0.51,-0.55,-1.06,0.01,-0.01,-0.79,0.39,0.76,-0.92,0.17,-1.91,0.22,-1.4,-0.24,-0.03,-0.2,-1.53,-2.63,2.28,-0.53,-1.18,2.01,-1.34,0.15,-1.11,-1.35,-0.92,0.02,-0.91,0.36,-0.48,-0.96,0.12,0.18,0.16,0.09,0.42,-0.2,-0.41,1.27,-0.14,0.3,-1.8,0.3,-1.61,-0.16,-0.13,0.22,-0.17,-0.5,0.05,-0.01,-1.34,-0.19,3.56,-1.18,0.4,0.1,0.36,-2.16,-0.17,0.91,0.02,-1.17,0.7,0.7,0.8,1.64,0.67,1.63,0.13,1.27,-0.14,0.3,-1.8,0.3,-1.61,-0.16,-0.13,-0.96,0.12,0.18,0.16,0.09,0.42,-0.2,-0.41,-1.17,0.7,0.7,0.8,1.64,0.67,1.63,0.13,0.15,-1.11,-1.35,-0.92,0.02,-0.91,0.36,-0.48,1.52,0.61,0.96,-0.16,0.25,0.28,-1.33,-0.2,-1.15,0.67,-0.41,-0.01,-2.68,1.31,0.03,0.56,-1.15,0.67,-0.41,-0.01,-2.68,1.31,0.03,0.56,1.27,-0.14,0.3,-1.8,0.3,-1.61,-0.16,-0.13,0.15,-1.11,-1.35,-0.92,0.02,-0.91,0.36,-0.48
59,TVGAQIPEKIQKAFDDIAKY,ncv-12,-1,-0.34,-0.51,-0.55,-1.06,0.01,-0.01,-0.79,0.39,0.76,-0.92,0.17,-1.91,0.22,-1.4,-0.24,-0.03,-0.2,-1.53,-2.63,2.28,-0.53,-1.18,2.01,-1.34,0.15,-1.11,-1.35,-0.92,0.02,-0.91,0.36,-0.48,-0.96,0.12,0.18,0.16,0.09,0.42,-0.2,-0.41,1.27,-0.14,0.3,-1.8,0.3,-1.61,-0.16,-0.13,0.22,-0.17,-0.5,0.05,-0.01,-1.34,-0.19,3.56,-1.18,0.4,0.1,0.36,-2.16,-0.17,0.91,0.02,-1.17,0.7,0.7,0.8,1.64,0.67,1.63,0.13,1.27,-0.14,0.3,-1.8,0.3,-1.61,-0.16,-0.13,-0.96,0.12,0.18,0.16,0.09,0.42,-0.2,-0.41,-1.17,0.7,0.7,0.8,1.64,0.67,1.63,0.13,0.15,-1.11,-1.35,-0.92,0.02,-0.91,0.36,-0.48,1.52,0.61,0.96,-0.16,0.25,0.28,-1.33,-0.2,-1.15,0.67,-0.41,-0.01,-2.68,1.31,0.03,0.56,-1.15,0.67,-0.41,-0.01,-2.68,1.31,0.03,0.56,1.27,-0.14,0.3,-1.8,0.3,-1.61,-0.16,-0.13,0.15,-1.11,-1.35,-0.92,0.02,-0.91,0.36,-0.48,-1.17,0.7,0.7,0.8,1.64,0.67,1.63,0.13,0.61,1.6,1.17,0.73,0.53,0.25,-0.96,-0.52
60,IAKYFSKEEWEKMKASEKIF,ncv-13,-1,1.27,-0.14,0.3,-1.8,0.3,-1.61,-0.16,-0.13,0.15,-1.11,-1.35,-0.92,0.02,-0.91,0.36,-0.48,-1.17,0.7,0.7,0.8,1.64,0.67,1.63,0.13,0.61,1.6,1.17,0.73,0.53,0.25,-0.96,-0.52,1.52,0.61,0.96,-0.16,0.25,0.28,-1.33,-0.2,-0.67,-0.86,-1.07,-0.41,-0.32,0.27,-0.64,0.11,-1.17,0.7,0.7,0.8,1.64,0.67,1.63,0.13,-1.18,0.4,0.1,0.36,-2.16,-0.17,0.91,0.02,-1.18,0.4,0.1,0.36,-2.16,-0.17,0.91,0.02,1.5,2.06,1.79,0.75,0.75,-0.13,-1.06,-0.85,-1.18,0.4,0.1,0.36,-2.16,-0.17,0.91,0.02,-1.17,0.7,0.7,0.8,1.64,0.67,1.63,0.13,1.01,-0.53,0.43,0.0,0.23,0.1,-0.86,-0.68,-1.17,0.7,0.7,0.8,1.64,0.67,1.63,0.13,0.15,-1.11,-1.35,-0.92,0.02,-0.91,0.36,-0.48,-0.67,-0.86,-1.07,-0.41,-0.32,0.27,-0.64,0.11,-1.18,0.4,0.1,0.36,-2.16,-0.17,0.91,0.02,-1.17,0.7,0.7,0.8,1.64,0.67,1.63,0.13,1.27,-0.14,0.3,-1.8,0.3,-1.61,-0.16,-0.13,1.52,0.61,0.96,-0.16,0.25,0.28,-1.33,-0.2
61,EEWEKMKASEKIFYVYMKRK,ncv-14,-1,-1.18,0.4,0.1,0.36,-2.16,-0.17,0.91,0.02,-1.18,0.4,0.1,0.36,-2.16,-0.17,0.91,0.02,1.5,2.06,1.79,0.75,0.75,-0.13,-1.06,-0.85,-1.18,0.4,0.1,0.36,-2.16,-0.17,0.91,0.02,-1.17,0.7,0.7,0.8,1.64,0.67,1.63,0.13,1.01,-0.53,0.43,0.0,0.23,0.1,-0.86,-0.68,-1.17,0.7,0.7,0.8,1.64,0.67,1.63,0.13,0.15,-1.11,-1.35,-0.92,0.02,-0.91,0.36,-0.48,-0.67,-0.86,-1.07,-0.41,-0.32,0.27,-0.64,0.11,-1.18,0.4,0.1,0.36,-2.16,-0.17,0.91,0.02,-1.17,0.7,0.7,0.8,1.64,0.67,1.63,0.13,1.27,-0.14,0.3,-1.8,0.3,-1.61,-0.16,-0.13,1.52,0.61,0.96,-0.16,0.25,0.28,-1.33,-0.2,0.61,1.6,1.17,0.73,0.53,0.25,-0.96,-0.52,0.76,-0.92,0.17,-1.91,0.22,-1.4,-0.24,-0.03,0.61,1.6,1.17,0.73,0.53,0.25,-0.96,-0.52,1.01,-0.53,0.43,0.0,0.23,0.1,-0.86,-0.68,-1.17,0.7,0.7,0.8,1.64,0.67,1.63,0.13,-1.47,1.45,1.24,1.27,1.55,1.47,1.3,0.83,-1.17,0.7,0.7,0.8,1.64,0.67,1.63,0.13
62,EWEKMKASEKIFYVYMKRKY,ncv-15,-1,-1.18,0.4,0.1,0.36,-2.16,-0.17,0.91,0.02,1.5,2.06,1.79,0.75,0.75,-0.13,-1.06,-0.85,-1.18,0.4,0.1,0.36,-2.16,-0.17,0.91,0.02,-1.17,0.7,0.7,0.8,1.64,0.67,1.63,0.13,1.01,-0.53,0.43,0.0,0.23,0.1,-0.86,-0.68,-1.17,0.7,0.7,0.8,1.64,0.67,1.63,0.13,0.15,-1.11,-1.35,-0.92,0.02,-0.91,0.36,-0.48,-0.67,-0.86,-1.07,-0.41,-0.32,0.27,-0.64,0.11,-1.18,0.4,0.1,0.36,-2.16,-0.17,0.91,0.02,-1.17,0.7,0.7,0.8,1.64,0.67,1.63,0.13,1.27,-0.14,0.3,-1.8,0.3,-1.61,-0.16,-0.13,1.52,0.61,0.96,-0.16,0.25,0.28,-1.33,-0.2,0.61,1.6,1.17,0.73,0.53,0.25,-0.96,-0.52,0.76,-0.92,0.17,-1.91,0.22,-1.4,-0.24,-0.03,0.61,1.6,1.17,0.73,0.53,0.25,-0.96,-0.52,1.01,-0.53,0.43,0.0,0.23,0.1,-0.86,-0.68,-1.17,0.7,0.7,0.8,1.64,0.67,1.63,0.13,-1.47,1.45,1.24,1.27,1.55,1.47,1.3,0.83,-1.17,0.7,0.7,0.8,1.64,0.67,1.63,0.13,0.61,1.6,1.17,0.73,0.53,0.25,-0.96,-0.52
63,WEKMKASEKIFYVYMKRKYE,ncv-16,-1,1.5,2.06,1.79,0.75,0.75,-0.13,-1.06,-0.85,-1.18,0.4,0.1,0.36,-2.16,-0.17,0.91,0.02,-1.17,0.7,0.7,0.8,1.64,0.67,1.63,0.13,1.01,-0.53,0.43,0.0,0.23,0.1,-0.86,-0.68,-1.17,0.7,0.7,0.8,1.64,0.67,1.63,0.13,0.15,-1.11,-1.35,-0.92,0.02,-0.91,0.36,-0.48,-0.67,-0.86,-1.07,-0.41,-0.32,0.27,-0.64,0.11,-1.18,0.4,0.1,0.36,-2.16,-0.17,0.91,0.02,-1.17,0.7,0.7,0.8,1.64,0.67,1.63,0.13,1.27,-0.14,0.3,-1.8,0.3,-1.61,-0.16,-0.13,1.52,0.61,0.96,-0.16,0.25,0.28,-1.33,-0.2,0.61,1.6,1.17,0.73,0.53,0.25,-0.96,-0.52,0.76,-0.92,0.17,-1.91,0.22,-1.4,-0.24,-0.03,0.61,1.6,1.17,0.73,0.53,0.25,-0.96,-0.52,1.01,-0.53,0.43,0.0,0.23,0.1,-0.86,-0.68,-1.17,0.7,0.7,0.8,1.64,0.67,1.63,0.13,-1.47,1.45,1.24,1.27,1.55,1.47,1.3,0.83,-1.17,0.7,0.7,0.8,1.64,0.67,1.63,0.13,0.61,1.6,1.17,0.73,0.53,0.25,-0.96,-0.52,-1.18,0.4,0.1,0.36,-2.16,-0.17,0.91,0.02
64,KIFYVYMKRKYEAMTKLGFK,ncv-17,-1,-1.17,0.7,0.7,0.8,1.64,0.67,1.63,0.13,1.27,-0.14,0.3,-1.8,0.3,-1.61,-0.16,-0.13,1.52,0.61,0.96,-0.16,0.25,0.28,-1.33,-0.2,0.61,1.6,1.17,0.73,0.53,0.25,-0.96,-0.52,0.76,-0.92,0.17,-1.91,0.22,-1.4,-0.24,-0.03,0.61,1.6,1.17,0.73,0.53,0.25,-0.96,-0.52,1.01,-0.53,0.43,0.0,0.23,0.1,-0.86,-0.68,-1.17,0.7,0.7,0.8,1.64,0.67,1.63,0.13,-1.47,1.45,1.24,1.27,1.55,1.47,1.3,0.83,-1.17,0.7,0.7,0.8,1.64,0.67,1.63,0.13,0.61,1.6,1.17,0.73,0.53,0.25,-0.96,-0.52,-1.18,0.4,0.1,0.36,-2.16,-0.17,0.91,0.02,0.15,-1.11,-1.35,-0.92,0.02,-0.91,0.36,-0.48,1.01,-0.53,0.43,0.0,0.23,0.1,-0.86,-0.68,-0.34,-0.51,-0.55,-1.06,0.01,-0.01,-0.79,0.39,-1.17,0.7,0.7,0.8,1.64,0.67,1.63,0.13,1.36,0.07,0.26,-0.8,0.22,-1.37,0.08,-0.62,-0.2,-1.53,-2.63,2.28,-0.53,-1.18,2.01,-1.34,1.52,0.61,0.96,-0.16,0.25,0.28,-1.33,-0.2,-1.17,0.7,0.7,0.8,1.64,0.67,1.63,0.13
65,FYVYMKRKYEAMTKLGFKAT,ncv-18,-1,1.52,0.61,0.96,-0.16,0.25,0.28,-1.33,-0.2,0.61,1.6,1.17,0.73,0.53,0.25,-0.96,-0.52,0.76,-0.92,0.17,-1.91,0.22,-1.4,-0.24,-0.03,0.61,1.6,1.17,0.73,0.53,0.25,-0.96,-0.52,1.01,-0.53,0.43,0.0,0.23,0.1,-0.86,-0.68,-1.17,0.7,0.7,0.8,1.64,0.67,1.63,0.13,-1.47,1.45,1.24,1.27,1.55,1.47,1.3,0.83,-1.17,0.7,0.7,0.8,1.64,0.67,1.63,0.13,0.61,1.6,1.17,0.73,0.53,0.25,-0.96,-0.52,-1.18,0.4,0.1,0.36,-2.16,-0.17,0.91,0.02,0.15,-1.11,-1.35,-0.92,0.02,-0.91,0.36,-0.48,1.01,-0.53,0.43,0.0,0.23,0.1,-0.86,-0.68,-0.34,-0.51,-0.55,-1.06,0.01,-0.01,-0.79,0.39,-1.17,0.7,0.7,0.8,1.64,0.67,1.63,0.13,1.36,0.07,0.26,-0.8,0.22,-1.37,0.08,-0.62,-0.2,-1.53,-2.63,2.28,-0.53,-1.18,2.01,-1.34,1.52,0.61,0.96,-0.16,0.25,0.28,-1.33,-0.2,-1.17,0.7,0.7,0.8,1.64,0.67,1.63,0.13,0.15,-1.11,-1.35,-0.92,0.02,-0.91,0.36,-0.48,-0.34,-0.51,-0.55,-1.06,0.01,-0.01,-0.79,0.39
66,VYMKRKYEAMTKLGFKATLP,ncv-19,-1,0.76,-0.92,0.17,-1.91,0.22,-1.4,-0.24,-0.03,0.61,1.6,1.17,0.73,0.53,0.25,-0.96,-0.52,1.01,-0.53,0.43,0.0,0.23,0.1,-0.86,-0.68,-1.17,0.7,0.7,0.8,1.64,0.67,1.63,0.13,-1.47,1.45,1.24,1.27,1.55,1.47,1.3,0.83,-1.17,0.7,0.7,0.8,1.64,0.67,1.63,0.13,0.61,1.6,1.17,0.73,0.53,0.25,-0.96,-0.52,-1.18,0.4,0.1,0.36,-2.16,-0.17,0.91,0.02,0.15,-1.11,-1.35,-0.92,0.02,-0.91,0.36,-0.48,1.01,-0.53,0.43,0.0,0.23,0.1,-0.86,-0.68,-0.34,-0.51,-0.55,-1.06,0.01,-0.01,-0.79,0.39,-1.17,0.7,0.7,0.8,1.64,0.67,1.63,0.13,1.36,0.07,0.26,-0.8,0.22,-1.37,0.08,-0.62,-0.2,-1.53,-2.63,2.28,-0.53,-1.18,2.01,-1.34,1.52,0.61,0.96,-0.16,0.25,0.28,-1.33,-0.2,-1.17,0.7,0.7,0.8,1.64,0.67,1.63,0.13,0.15,-1.11,-1.35,-0.92,0.02,-0.91,0.36,-0.48,-0.34,-0.51,-0.55,-1.06,0.01,-0.01,-0.79,0.39,1.36,0.07,0.26,-0.8,0.22,-1.37,0.08,-0.62,0.22,-0.17,-0.5,0.05,-0.01,-1.34,-0.19,3.56
67,VYMKRKYEAMTKLGFKATLP,ncv-20,-1,0.76,-0.92,0.17,-1.91,0.22,-1.4,-0.24,-0.03,0.61,1.6,1.17,0.73,0.53,0.25,-0.96,-0.52,1.01,-0.53,0.43,0.0,0.23,0.1,-0.86,-0.68,-1.17,0.7,0.7,0.8,1.64,0.67,1.63,0.13,-1.47,1.45,1.24,1.27,1.55,1.47,1.3,0.83,-1.17,0.7,0.7,0.8,1.64,0.67,1.63,0.13,0.61,1.6,1.17,0.73,0.53,0.25,-0.96,-0.52,-1.18,0.4,0.1,0.36,-2.16,-0.17,0.91,0.02,0.15,-1.11,-1.35,-0.92,0.02,-0.91,0.36,-0.48,1.01,-0.53,0.43,0.0,0.23,0.1,-0.86,-0.68,-0.34,-0.51,-0.55,-1.06,0.01,-0.01,-0.79,0.39,-1.17,0.7,0.7,0.8,1.64,0.67,1.63,0.13,1.36,0.07,0.26,-0.8,0.22,-1.37,0.08,-0.62,-0.2,-1.53,-2.63,2.28,-0.53,-1.18,2.01,-1.34,1.52,0.61,0.96,-0.16,0.25,0.28,-1.33,-0.2,-1.17,0.7,0.7,0.8,1.64,0.67,1.63,0.13,0.15,-1.11,-1.35,-0.92,0.02,-0.91,0.36,-0.48,-0.34,-0.51,-0.55,-1.06,0.01,-0.01,-0.79,0.39,1.36,0.07,0.26,-0.8,0.22,-1.37,0.08,-0.62,0.22,-0.17,-0.5,0.05,-0.01,-1.34,-0.19,3.56
68,MKRKYEAMTKLGFKATLPPF,ncv-21,-1,1.01,-0.53,0.43,0.0,0.23,0.1,-0.86,-0.68,-1.17,0.7,0.7,0.8,1.64,0.67,1.63,0.13,-1.47,1.45,1.24,1.27,1.55,1.47,1.3,0.83,-1.17,0.7,0.7,0.8,1.64,0.67,1.63,0.13,0.61,1.6,1.17,0.73,0.53,0.25,-0.96,-0.52,-1.18,0.4,0.1,0.36,-2.16,-0.17,0.91,0.02,0.15,-1.11,-1.35,-0.92,0.02,-0.91,0.36,-0.48,1.01,-0.53,0.43,0.0,0.23,0.1,-0.86,-0.68,-0.34,-0.51,-0.55,-1.06,0.01,-0.01,-0.79,0.39,-1.17,0.7,0.7,0.8,1.64,0.67,1.63,0.13,1.36,0.07,0.26,-0.8,0.22,-1.37,0.08,-0.62,-0.2,-1.53,-2.63,2.28,-0.53,-1.18,2.01,-1.34,1.52,0.61,0.96,-0.16,0.25,0.28,-1.33,-0.2,-1.17,0.7,0.7,0.8,1.64,0.67,1.63,0.13,0.15,-1.11,-1.35,-0.92,0.02,-0.91,0.36,-0.48,-0.34,-0.51,-0.55,-1.06,0.01,-0.01,-0.79,0.39,1.36,0.07,0.26,-0.8,0.22,-1.37,0.08,-0.62,0.22,-0.17,-0.5,0.05,-0.01,-1.34,-0.19,3.56,0.22,-0.17,-0.5,0.05,-0.01,-1.34,-0.19,3.56,1.52,0.61,0.96,-0.16,0.25,0.28,-1.33,-0.2
69,RKYEAMTKLGFKATLPPFMC,ncv-22,-1,-1.47,1.45,1.24,1.27,1.55,1.47,1.3,0.83,-1.17,0.7,0.7,0.8,1.64,0.67,1.63,0.13,0.61,1.6,1.17,0.73,0.53,0.25,-0.96,-0.52,-1.18,0.4,0.1,0.36,-2.16,-0.17,0.91,0.02,0.15,-1.11,-1.35,-0.92,0.02,-0.91,0.36,-0.48,1.01,-0.53,0.43,0.0,0.23,0.1,-0.86,-0.68,-0.34,-0.51,-0.55,-1.06,0.01,-0.01,-0.79,0.39,-1.17,0.7,0.7,0.8,1.64,0.67,1.63,0.13,1.36,0.07,0.26,-0.8,0.22,-1.37,0.08,-0.62,-0.2,-1.53,-2.63,2.28,-0.53,-1.18,2.01,-1.34,1.52,0.61,0.96,-0.16,0.25,0.28,-1.33,-0.2,-1.17,0.7,0.7,0.8,1.64,0.67,1.63,0.13,0.15,-1.11,-1.35,-0.92,0.02,-0.91,0.36,-0.48,-0.34,-0.51,-0.55,-1.06,0.01,-0.01,-0.79,0.39,1.36,0.07,0.26,-0.8,0.22,-1.37,0.08,-0.62,0.22,-0.17,-0.5,0.05,-0.01,-1.34,-0.19,3.56,0.22,-0.17,-0.5,0.05,-0.01,-1.34,-0.19,3.56,1.52,0.61,0.96,-0.16,0.25,0.28,-1.33,-0.2,1.01,-0.53,0.43,0.0,0.23,0.1,-0.86,-0.68,0.18,-1.67,-0.46,-0.21,0.0,1.2,-1.61,-0.19
70,AMTKLGFKATLPPFMCNKRA,ncv-23,-1,0.15,-1.11,-1.35,-0.92,0.02,-0.91,0.36,-0.48,1.01,-0.53,0.43,0.0,0.23,0.1,-0.86,-0.68,-0.34,-0.51,-0.55,-1.06,0.01,-0.01,-0.79,0.39,-1.17,0.7,0.7,0.8,1.64,0.67,1.63,0.13,1.36,0.07,0.26,-0.8,0.22,-1.37,0.08,-0.62,-0.2,-1.53,-2.63,2.28,-0.53,-1.18,2.01,-1.34,1.52,0.61,0.96,-0.16,0.25,0.28,-1.33,-0.2,-1.17,0.7,0.7,0.8,1.64,0.67,1.63,0.13,0.15,-1.11,-1.35,-0.92,0.02,-0.91,0.36,-0.48,-0.34,-0.51,-0.55,-1.06,0.01,-0.01,-0.79,0.39,1.36,0.07,0.26,-0.8,0.22,-1.37,0.08,-0.62,0.22,-0.17,-0.5,0.05,-0.01,-1.34,-0.19,3.56,0.22,-0.17,-0.5,0.05,-0.01,-1.34,-0.19,3.56,1.52,0.61,0.96,-0.16,0.25,0.28,-1.33,-0.2,1.01,-0.53,0.43,0.0,0.23,0.1,-0.86,-0.68,0.18,-1.67,-0.46,-0.21,0.0,1.2,-1.61,-0.19,-0.99,0.0,-0.37,0.69,-0.55,0.85,0.73,-0.8,-1.17,0.7,0.7,0.8,1.64,0.67,1.63,0.13,-1.47,1.45,1.24,1.27,1.55,1.47,1.3,0.83,0.15,-1.11,-1.35,-0.92,0.02,-0.91,0.36,-0.48
71,TKLGFKATLPPFMCNKRAED,ncv-24,-1,-0.34,-0.51,-0.55,-1.06,0.01,-0.01,-0.79,0.39,-1.17,0.7,0.7,0.8,1.64,0.67,1.63,0.13,1.36,0.07,0.26,-0.8,0.22,-1.37,0.08,-0.62,-0.2,-1.53,-2.63,2.28,-0.53,-1.18,2.01,-1.34,1.52,0.61,0.96,-0.16,0.25,0.28,-1.33,-0.2,-1.17,0.7,0.7,0.8,1.64,0.67,1.63,0.13,0.15,-1.11,-1.35,-0.92,0.02,-0.91,0.36,-0.48,-0.34,-0.51,-0.55,-1.06,0.01,-0.01,-0.79,0.39,1.36,0.07,0.26,-0.8,0.22,-1.37,0.08,-0.62,0.22,-0.17,-0.5,0.05,-0.01,-1.34,-0.19,3.56,0.22,-0.17,-0.5,0.05,-0.01,-1.34,-0.19,3.56,1.52,0.61,0.96,-0.16,0.25,0.28,-1.33,-0.2,1.01,-0.53,0.43,0.0,0.23,0.1,-0.86,-0.68,0.18,-1.67,-0.46,-0.21,0.0,1.2,-1.61,-0.19,-0.99,0.0,-0.37,0.69,-0.55,0.85,0.73,-0.8,-1.17,0.7,0.7,0.8,1.64,0.67,1.63,0.13,-1.47,1.45,1.24,1.27,1.55,1.47,1.3,0.83,0.15,-1.11,-1.35,-0.92,0.02,-0.91,0.36,-0.48,-1.18,0.4,0.1,0.36,-2.16,-0.17,0.91,0.02,-1.15,0.67,-0.41,-0.01,-2.68,1.31,0.03,0.56
72,GFKATLPPFMCNKRAEDFQG,ncv-25,-1,-0.2,-1.53,-2.63,2.28,-0.53,-1.18,2.01,-1.34,1.52,0.61,0.96,-0.16,0.25,0.28,-1.33,-0.2,-1.17,0.7,0.7,0.8,1.64,0.67,1.63,0.13,0.15,-1.11,-1.35,-0.92,0.02,-0.91,0.36,-0.48,-0.34,-0.51,-0.55,-1.06,0.01,-0.01,-0.79,0.39,1.36,0.07,0.26,-0.8,0.22,-1.37,0.08,-0.62,0.22,-0.17,-0.5,0.05,-0.01,-1.34,-0.19,3.56,0.22,-0.17,-0.5,0.05,-0.01,-1.34,-0.19,3.56,1.52,0.61,0.96,-0.16,0.25,0.28,-1.33,-0.2,1.01,-0.53,0.43,0.0,0.23,0.1,-0.86,-0.68,0.18,-1.67,-0.46,-0.21,0.0,1.2,-1.61,-0.19,-0.99,0.0,-0.37,0.69,-0.55,0.85,0.73,-0.8,-1.17,0.7,0.7,0.8,1.64,0.67,1.63,0.13,-1.47,1.45,1.24,1.27,1.55,1.47,1.3,0.83,0.15,-1.11,-1.35,-0.92,0.02,-0.91,0.36,-0.48,-1.18,0.4,0.1,0.36,-2.16,-0.17,0.91,0.02,-1.15,0.67,-0.41,-0.01,-2.68,1.31,0.03,0.56,1.52,0.61,0.96,-0.16,0.25,0.28,-1.33,-0.2,-0.96,0.12,0.18,0.16,0.09,0.42,-0.2,-0.41,-0.2,-1.53,-2.63,2.28,-0.53,-1.18,2.01,-1.34
73,FMCNKRAEDFQGNDLDNDPN,ncv-26,-1,1.52,0.61,0.96,-0.16,0.25,0.28,-1.33,-0.2,1.01,-0.53,0.43,0.0,0.23,0.1,-0.86,-0.68,0.18,-1.67,-0.46,-0.21,0.0,1.2,-1.61,-0.19,-0.99,0.0,-0.37,0.69,-0.55,0.85,0.73,-0.8,-1.17,0.7,0.7,0.8,1.64,0.67,1.63,0.13,-1.47,1.45,1.24,1.27,1.55,1.47,1.3,0.83,0.15,-1.11,-1.35,-0.92,0.02,-0.91,0.36,-0.48,-1.18,0.4,0.1,0.36,-2.16,-0.17,0.91,0.02,-1.15,0.67,-0.41,-0.01,-2.68,1.31,0.03,0.56,1.52,0.61,0.96,-0.16,0.25,0.28,-1.33,-0.2,-0.96,0.12,0.18,0.16,0.09,0.42,-0.2,-0.41,-0.2,-1.53,-2.63,2.28,-0.53,-1.18,2.01,-1.34,-0.99,0.0,-0.37,0.69,-0.55,0.85,0.73,-0.8,-1.15,0.67,-0.41,-0.01,-2.68,1.31,0.03,0.56,1.36,0.07,0.26,-0.8,0.22,-1.37,0.08,-0.62,-1.15,0.67,-0.41,-0.01,-2.68,1.31,0.03,0.56,-0.99,0.0,-0.37,0.69,-0.55,0.85,0.73,-0.8,-1.15,0.67,-0.41,-0.01,-2.68,1.31,0.03,0.56,0.22,-0.17,-0.5,0.05,-0.01,-1.34,-0.19,3.56,-0.99,0.0,-0.37,0.69,-0.55,0.85,0.73,-0.8
74,NDLDNDPNRGNQVERPQMTF,ncv-27,-1,-0.99,0.0,-0.37,0.69,-0.55,0.85,0.73,-0.8,-1.15,0.67,-0.41,-0.01,-2.68,1.31,0.03,0.56,1.36,0.07,0.26,-0.8,0.22,-1.37,0.08,-0.62,-1.15,0.67,-0.41,-0.01,-2.68,1.31,0.03,0.56,-0.99,0.0,-0.37,0.69,-0.55,0.85,0.73,-0.8,-1.15,0.67,-0.41,-0.01,-2.68,1.31,0.03,0.56,0.22,-0.17,-0.5,0.05,-0.01,-1.34,-0.19,3.56,-0.99,0.0,-0.37,0.69,-0.55,0.85,0.73,-0.8,-1.47,1.45,1.24,1.27,1.55,1.47,1.3,0.83,-0.2,-1.53,-2.63,2.28,-0.53,-1.18,2.01,-1.34,-0.99,0.0,-0.37,0.69,-0.55,0.85,0.73,-0.8,-0.96,0.12,0.18,0.16,0.09,0.42,-0.2,-0.41,0.76,-0.92,0.17,-1.91,0.22,-1.4,-0.24,-0.03,-1.18,0.4,0.1,0.36,-2.16,-0.17,0.91,0.02,-1.47,1.45,1.24,1.27,1.55,1.47,1.3,0.83,0.22,-0.17,-0.5,0.05,-0.01,-1.34,-0.19,3.56,-0.96,0.12,0.18,0.16,0.09,0.42,-0.2,-0.41,1.01,-0.53,0.43,0.0,0.23,0.1,-0.86,-0.68,-0.34,-0.51,-0.55,-1.06,0.01,-0.01,-0.79,0.39,1.52,0.61,0.96,-0.16,0.25,0.28,-1.33,-0.2
75,DNDPNRGNQVERPQMTFGRL,ncv-28,-1,-1.15,0.67,-0.41,-0.01,-2.68,1.31,0.03,0.56,-0.99,0.0,-0.37,0.69,-0.55,0.85,0.73,-0.8,-1.15,0.67,-0.41,-0.01,-2.68,1.31,0.03,0.56,0.22,-0.17,-0.5,0.05,-0.01,-1.34,-0.19,3.56,-0.99,0.0,-0.37,0.69,-0.55,0.85,0.73,-0.8,-1.47,1.45,1.24,1.27,1.55,1.47,1.3,0.83,-0.2,-1.53,-2.63,2.28,-0.53,-1.18,2.01,-1.34,-0.99,0.0,-0.37,0.69,-0.55,0.85,0.73,-0.8,-0.96,0.12,0.18,0.16,0.09,0.42,-0.2,-0.41,0.76,-0.92,0.17,-1.91,0.22,-1.4,-0.24,-0.03,-1.18,0.4,0.1,0.36,-2.16,-0.17,0.91,0.02,-1.47,1.45,1.24,1.27,1.55,1.47,1.3,0.83,0.22,-0.17,-0.5,0.05,-0.01,-1.34,-0.19,3.56,-0.96,0.12,0.18,0.16,0.09,0.42,-0.2,-0.41,1.01,-0.53,0.43,0.0,0.23,0.1,-0.86,-0.68,-0.34,-0.51,-0.55,-1.06,0.01,-0.01,-0.79,0.39,1.52,0.61,0.96,-0.16,0.25,0.28,-1.33,-0.2,-0.2,-1.53,-2.63,2.28,-0.53,-1.18,2.01,-1.34,-1.47,1.45,1.24,1.27,1.55,1.47,1.3,0.83,1.36,0.07,0.26,-0.8,0.22,-1.37,0.08,-0.62
76,NDPNRGNQVERPQMTFGRLQ,ncv-29,-1,-0.99,0.0,-0.37,0.69,-0.55,0.85,0.73,-0.8,-1.15,0.67,-0.41,-0.01,-2.68,1.31,0.03,0.56,0.22,-0.17,-0.5,0.05,-0.01,-1.34,-0.19,3.56,-0.99,0.0,-0.37,0.69,-0.55,0.85,0.73,-0.8,-1.47,1.45,1.24,1.27,1.55,1.47,1.3,0.83,-0.2,-1.53,-2.63,2.28,-0.53,-1.18,2.01,-1.34,-0.99,0.0,-0.37,0.69,-0.55,0.85,0.73,-0.8,-0.96,0.12,0.18,0.16,0.09,0.42,-0.2,-0.41,0.76,-0.92,0.17,-1.91,0.22,-1.4,-0.24,-0.03,-1.18,0.4,0.1,0.36,-2.16,-0.17,0.91,0.02,-1.47,1.45,1.24,1.27,1.55,1.47,1.3,0.83,0.22,-0.17,-0.5,0.05,-0.01,-1.34,-0.19,3.56,-0.96,0.12,0.18,0.16,0.09,0.42,-0.2,-0.41,1.01,-0.53,0.43,0.0,0.23,0.1,-0.86,-0.68,-0.34,-0.51,-0.55,-1.06,0.01,-0.01,-0.79,0.39,1.52,0.61,0.96,-0.16,0.25,0.28,-1.33,-0.2,-0.2,-1.53,-2.63,2.28,-0.53,-1.18,2.01,-1.34,-1.47,1.45,1.24,1.27,1.55,1.47,1.3,0.83,1.36,0.07,0.26,-0.8,0.22,-1.37,0.08,-0.62,-0.96,0.12,0.18,0.16,0.09,0.42,-0.2,-0.41
77,DPNRGNQVERPQMTFGRLQG,ncv-30,-1,-1.15,0.67,-0.41,-0.01,-2.68,1.31,0.03,0.56,0.22,-0.17,-0.5,0.05,-0.01,-1.34,-0.19,3.56,-0.99,0.0,-0.37,0.69,-0.55,0.85,0.73,-0.8,-1.47,1.45,1.24,1.27,1.55,1.47,1.3,0.83,-0.2,-1.53,-2.63,2.28,-0.53,-1.18,2.01,-1.34,-0.99,0.0,-0.37,0.69,-0.55,0.85,0.73,-0.8,-0.96,0.12,0.18,0.16,0.09,0.42,-0.2,-0.41,0.76,-0.92,0.17,-1.91,0.22,-1.4,-0.24,-0.03,-1.18,0.4,0.1,0.36,-2.16,-0.17,0.91,0.02,-1.47,1.45,1.24,1.27,1.55,1.47,1.3,0.83,0.22,-0.17,-0.5,0.05,-0.01,-1.34,-0.19,3.56,-0.96,0.12,0.18,0.16,0.09,0.42,-0.2,-0.41,1.01,-0.53,0.43,0.0,0.23,0.1,-0.86,-0.68,-0.34,-0.51,-0.55,-1.06,0.01,-0.01,-0.79,0.39,1.52,0.61,0.96,-0.16,0.25,0.28,-1.33,-0.2,-0.2,-1.53,-2.63,2.28,-0.53,-1.18,2.01,-1.34,-1.47,1.45,1.24,1.27,1.55,1.47,1.3,0.83,1.36,0.07,0.26,-0.8,0.22,-1.37,0.08,-0.62,-0.96,0.12,0.18,0.16,0.09,0.42,-0.2,-0.41,-0.2,-1.53,-2.63,2.28,-0.53,-1.18,2.01,-1.34
78,PNRGNQVERPQMTFGRLQGI,ncv-31,-1,0.22,-0.17,-0.5,0.05,-0.01,-1.34,-0.19,3.56,-0.99,0.0,-0.37,0.69,-0.55,0.85,0.73,-0.8,-1.47,1.45,1.24,1.27,1.55,1.47,1.3,0.83,-0.2,-1.53,-2.63,2.28,-0.53,-1.18,2.01,-1.34,-0.99,0.0,-0.37,0.69,-0.55,0.85,0.73,-0.8,-0.96,0.12,0.18,0.16,0.09,0.42,-0.2,-0.41,0.76,-0.92,0.17,-1.91,0.22,-1.4,-0.24,-0.03,-1.18,0.4,0.1,0.36,-2.16,-0.17,0.91,0.02,-1.47,1.45,1.24,1.27,1.55,1.47,1.3,0.83,0.22,-0.17,-0.5,0.05,-0.01,-1.34,-0.19,3.56,-0.96,0.12,0.18,0.16,0.09,0.42,-0.2,-0.41,1.01,-0.53,0.43,0.0,0.23,0.1,-0.86,-0.68,-0.34,-0.51,-0.55,-1.06,0.01,-0.01,-0.79,0.39,1.52,0.61,0.96,-0.16,0.25,0.28,-1.33,-0.2,-0.2,-1.53,-2.63,2.28,-0.53,-1.18,2.01,-1.34,-1.47,1.45,1.24,1.27,1.55,1.47,1.3,0.83,1.36,0.07,0.26,-0.8,0.22,-1.37,0.08,-0.62,-0.96,0.12,0.18,0.16,0.09,0.42,-0.2,-0.41,-0.2,-1.53,-2.63,2.28,-0.53,-1.18,2.01,-1.34,1.27,-0.14,0.3,-1.8,0.3,-1.61,-0.16,-0.13
79,RGNQVERPQMTFGRLQGISP,ncv-32,-1,-1.47,1.45,1.24,1.27,1.55,1.47,1.3,0.83,-0.2,-1.53,-2.63,2.28,-0.53,-1.18,2.01,-1.34,-0.99,0.0,-0.37,0.69,-0.55,0.85,0.73,-0.8,-0.96,0.12,0.18,0.16,0.09,0.42,-0.2,-0.41,0.76,-0.92,0.17,-1.91,0.22,-1.4,-0.24,-0.03,-1.18,0.4,0.1,0.36,-2.16,-0.17,0.91,0.02,-1.47,1.45,1.24,1.27,1.55,1.47,1.3,0.83,0.22,-0.17,-0.5,0.05,-0.01,-1.34,-0.19,3.56,-0.96,0.12,0.18,0.16,0.09,0.42,-0.2,-0.41,1.01,-0.53,0.43,0.0,0.23,0.1,-0.86,-0.68,-0.34,-0.51,-0.55,-1.06,0.01,-0.01,-0.79,0.39,1.52,0.61,0.96,-0.16,0.25,0.28,-1.33,-0.2,-0.2,-1.53,-2.63,2.28,-0.53,-1.18,2.01,-1.34,-1.47,1.45,1.24,1.27,1.55,1.47,1.3,0.83,1.36,0.07,0.26,-0.8,0.22,-1.37,0.08,-0.62,-0.96,0.12,0.18,0.16,0.09,0.42,-0.2,-0.41,-0.2,-1.53,-2.63,2.28,-0.53,-1.18,2.01,-1.34,1.27,-0.14,0.3,-1.8,0.3,-1.61,-0.16,-0.13,-0.67,-0.86,-1.07,-0.41,-0.32,0.27,-0.64,0.11,0.22,-0.17,-0.5,0.05,-0.01,-1.34,-0.19,3.56
80,PQMTFGRLQGISPKIMPKKP,ncv-33,-1,0.22,-0.17,-0.5,0.05,-0.01,-1.34,-0.19,3.56,-0.96,0.12,0.18,0.16,0.09,0.42,-0.2,-0.41,1.01,-0.53,0.43,0.0,0.23,0.1,-0.86,-0.68,-0.34,-0.51,-0.55,-1.06,0.01,-0.01,-0.79,0.39,1.52,0.61,0.96,-0.16,0.25,0.28,-1.33,-0.2,-0.2,-1.53,-2.63,2.28,-0.53,-1.18,2.01,-1.34,-1.47,1.45,1.24,1.27,1.55,1.47,1.3,0.83,1.36,0.07,0.26,-0.8,0.22,-1.37,0.08,-0.62,-0.96,0.12,0.18,0.16,0.09,0.42,-0.2,-0.41,-0.2,-1.53,-2.63,2.28,-0.53,-1.18,2.01,-1.34,1.27,-0.14,0.3,-1.8,0.3,-1.61,-0.16,-0.13,-0.67,-0.86,-1.07,-0.41,-0.32,0.27,-0.64,0.11,0.22,-0.17,-0.5,0.05,-0.01,-1.34,-0.19,3.56,-1.17,0.7,0.7,0.8,1.64,0.67,1.63,0.13,1.27,-0.14,0.3,-1.8,0.3,-1.61,-0.16,-0.13,1.01,-0.53,0.43,0.0,0.23,0.1,-0.86,-0.68,0.22,-0.17,-0.5,0.05,-0.01,-1.34,-0.19,3.56,-1.17,0.7,0.7,0.8,1.64,0.67,1.63,0.13,-1.17,0.7,0.7,0.8,1.64,0.67,1.63,0.13,0.22,-0.17,-0.5,0.05,-0.01,-1.34,-0.19,3.56
81,PAEEGNDSEEVPEASGPQND,ncv-34,-1,0.22,-0.17,-0.5,0.05,-0.01,-1.34,-0.19,3.56,0.15,-1.11,-1.35,-0.92,0.02,-0.91,0.36,-0.48,-1.18,0.4,0.1,0.36,-2.16,-0.17,0.91,0.02,-1.18,0.4,0.1,0.36,-2.16,-0.17,0.91,0.02,-0.2,-1.53,-2.63,2.28,-0.53,-1.18,2.01,-1.34,-0.99,0.0,-0.37,0.69,-0.55,0.85,0.73,-0.8,-1.15,0.67,-0.41,-0.01,-2.68,1.31,0.03,0.56,-0.67,-0.86,-1.07,-0.41,-0.32,0.27,-0.64,0.11,-1.18,0.4,0.1,0.36,-2.16,-0.17,0.91,0.02,-1.18,0.4,0.1,0.36,-2.16,-0.17,0.91,0.02,0.76,-0.92,0.17,-1.91,0.22,-1.4,-0.24,-0.03,0.22,-0.17,-0.5,0.05,-0.01,-1.34,-0.19,3.56,-1.18,0.4,0.1,0.36,-2.16,-0.17,0.91,0.02,0.15,-1.11,-1.35,-0.92,0.02,-0.91,0.36,-0.48,-0.67,-0.86,-1.07,-0.41,-0.32,0.27,-0.64,0.11,-0.2,-1.53,-2.63,2.28,-0.53,-1.18,2.01,-1.34,0.22,-0.17,-0.5,0.05,-0.01,-1.34,-0.19,3.56,-0.96,0.12,0.18,0.16,0.09,0.42,-0.2,-0.41,-0.99,0.0,-0.37,0.69,-0.55,0.85,0.73,-0.8,-1.15,0.67,-0.41,-0.01,-2.68,1.31,0.03,0.56
82,DSEEVPEASGPQNDGKELCP,ncv-35,-1,-1.15,0.67,-0.41,-0.01,-2.68,1.31,0.03,0.56,-0.67,-0.86,-1.07,-0.41,-0.32,0.27,-0.64,0.11,-1.18,0.4,0.1,0.36,-2.16,-0.17,0.91,0.02,-1.18,0.4,0.1,0.36,-2.16,-0.17,0.91,0.02,0.76,-0.92,0.17,-1.91,0.22,-1.4,-0.24,-0.03,0.22,-0.17,-0.5,0.05,-0.01,-1.34,-0.19,3.56,-1.18,0.4,0.1,0.36,-2.16,-0.17,0.91,0.02,0.15,-1.11,-1.35,-0.92,0.02,-0.91,0.36,-0.48,-0.67,-0.86,-1.07,-0.41,-0.32,0.27,-0.64,0.11,-0.2,-1.53,-2.63,2.28,-0.53,-1.18,2.01,-1.34,0.22,-0.17,-0.5,0.05,-0.01,-1.34,-0.19,3.56,-0.96,0.12,0.18,0.16,0.09,0.42,-0.2,-0.41,-0.99,0.0,-0.37,0.69,-0.55,0.85,0.73,-0.8,-1.15,0.67,-0.41,-0.01,-2.68,1.31,0.03,0.56,-0.2,-1.53,-2.63,2.28,-0.53,-1.18,2.01,-1.34,-1.17,0.7,0.7,0.8,1.64,0.67,1.63,0.13,-1.18,0.4,0.1,0.36,-2.16,-0.17,0.91,0.02,1.36,0.07,0.26,-0.8,0.22,-1.37,0.08,-0.62,0.18,-1.67,-0.46,-0.21,0.0,1.2,-1.61,-0.19,0.22,-0.17,-0.5,0.05,-0.01,-1.34,-0.19,3.56
83,EVPEASGPQNDGKELCPPGK,ncv-36,-1,-1.18,0.4,0.1,0.36,-2.16,-0.17,0.91,0.02,0.76,-0.92,0.17,-1.91,0.22,-1.4,-0.24,-0.03,0.22,-0.17,-0.5,0.05,-0.01,-1.34,-0.19,3.56,-1.18,0.4,0.1,0.36,-2.16,-0.17,0.91,0.02,0.15,-1.11,-1.35,-0.92,0.02,-0.91,0.36,-0.48,-0.67,-0.86,-1.07,-0.41,-0.32,0.27,-0.64,0.11,-0.2,-1.53,-2.63,2.28,-0.53,-1.18,2.01,-1.34,0.22,-0.17,-0.5,0.05,-0.01,-1.34,-0.19,3.56,-0.96,0.12,0.18,0.16,0.09,0.42,-0.2,-0.41,-0.99,0.0,-0.37,0.69,-0.55,0.85,0.73,-0.8,-1.15,0.67,-0.41,-0.01,-2.68,1.31,0.03,0.56,-0.2,-1.53,-2.63,2.28,-0.53,-1.18,2.01,-1.34,-1.17,0.7,0.7,0.8,1.64,0.67,1.63,0.13,-1.18,0.4,0.1,0.36,-2.16,-0.17,0.91,0.02,1.36,0.07,0.26,-0.8,0.22,-1.37,0.08,-0.62,0.18,-1.67,-0.46,-0.21,0.0,1.2,-1.61,-0.19,0.22,-0.17,-0.5,0.05,-0.01,-1.34,-0.19,3.56,0.22,-0.17,-0.5,0.05,-0.01,-1.34,-0.19,3.56,-0.2,-1.53,-2.63,2.28,-0.53,-1.18,2.01,-1.34,-1.17,0.7,0.7,0.8,1.64,0.67,1.63,0.13
84,LCPPGKPTTSEKIHERSGPK,ncv-37,-1,1.36,0.07,0.26,-0.8,0.22,-1.37,0.08,-0.62,0.18,-1.67,-0.46,-0.21,0.0,1.2,-1.61,-0.19,0.22,-0.17,-0.5,0.05,-0.01,-1.34,-0.19,3.56,0.22,-0.17,-0.5,0.05,-0.01,-1.34,-0.19,3.56,-0.2,-1.53,-2.63,2.28,-0.53,-1.18,2.01,-1.34,-1.17,0.7,0.7,0.8,1.64,0.67,1.63,0.13,0.22,-0.17,-0.5,0.05,-0.01,-1.34,-0.19,3.56,-0.34,-0.51,-0.55,-1.06,0.01,-0.01,-0.79,0.39,-0.34,-0.51,-0.55,-1.06,0.01,-0.01,-0.79,0.39,-0.67,-0.86,-1.07,-0.41,-0.32,0.27,-0.64,0.11,-1.18,0.4,0.1,0.36,-2.16,-0.17,0.91,0.02,-1.17,0.7,0.7,0.8,1.64,0.67,1.63,0.13,1.27,-0.14,0.3,-1.8,0.3,-1.61,-0.16,-0.13,-0.43,-0.25,0.37,0.19,0.51,1.28,0.93,0.65,-1.18,0.4,0.1,0.36,-2.16,-0.17,0.91,0.02,-1.47,1.45,1.24,1.27,1.55,1.47,1.3,0.83,-0.67,-0.86,-1.07,-0.41,-0.32,0.27,-0.64,0.11,-0.2,-1.53,-2.63,2.28,-0.53,-1.18,2.01,-1.34,0.22,-0.17,-0.5,0.05,-0.01,-1.34,-0.19,3.56,-1.17,0.7,0.7,0.8,1.64,0.67,1.63,0.13
85,CPPGKPTTSEKIHERSGPKR,ncv-38,-1,0.18,-1.67,-0.46,-0.21,0.0,1.2,-1.61,-0.19,0.22,-0.17,-0.5,0.05,-0.01,-1.34,-0.19,3.56,0.22,-0.17,-0.5,0.05,-0.01,-1.34,-0.19,3.56,-0.2,-1.53,-2.63,2.28,-0.53,-1.18,2.01,-1.34,-1.17,0.7,0.7,0.8,1.64,0.67,1.63,0.13,0.22,-0.17,-0.5,0.05,-0.01,-1.34,-0.19,3.56,-0.34,-0.51,-0.55,-1.06,0.01,-0.01,-0.79,0.39,-0.34,-0.51,-0.55,-1.06,0.01,-0.01,-0.79,0.39,-0.67,-0.86,-1.07,-0.41,-0.32,0.27,-0.64,0.11,-1.18,0.4,0.1,0.36,-2.16,-0.17,0.91,0.02,-1.17,0.7,0.7,0.8,1.64,0.67,1.63,0.13,1.27,-0.14,0.3,-1.8,0.3,-1.61,-0.16,-0.13,-0.43,-0.25,0.37,0.19,0.51,1.28,0.93,0.65,-1.18,0.4,0.1,0.36,-2.16,-0.17,0.91,0.02,-1.47,1.45,1.24,1.27,1.55,1.47,1.3,0.83,-0.67,-0.86,-1.07,-0.41,-0.32,0.27,-0.64,0.11,-0.2,-1.53,-2.63,2.28,-0.53,-1.18,2.01,-1.34,0.22,-0.17,-0.5,0.05,-0.01,-1.34,-0.19,3.56,-1.17,0.7,0.7,0.8,1.64,0.67,1.63,0.13,-1.47,1.45,1.24,1.27,1.55,1.47,1.3,0.83
86,KIHERSGPKRGEHAWTHRLR,ncv-39,-1,-1.17,0.7,0.7,0.8,1.64,0.67,1.63,0.13,1.27,-0.14,0.3,-1.8,0.3,-1.61,-0.16,-0.13,-0.43,-0.25,0.37,0.19,0.51,1.28,0.93,0.65,-1.18,0.4,0.1,0.36,-2.16,-0.17,0.91,0.02,-1.47,1.45,1.24,1.27,1.55,1.47,1.3,0.83,-0.67,-0.86,-1.07,-0.41,-0.32,0.27,-0.64,0.11,-0.2,-1.53,-2.63,2.28,-0.53,-1.18,2.01,-1.34,0.22,-0.17,-0.5,0.05,-0.01,-1.34,-0.19,3.56,-1.17,0.7,0.7,0.8,1.64,0.67,1.63,0.13,-1.47,1.45,1.24,1.27,1.55,1.47,1.3,0.83,-0.2,-1.53,-2.63,2.28,-0.53,-1.18,2.01,-1.34,-1.18,0.4,0.1,0.36,-2.16,-0.17,0.91,0.02,-0.43,-0.25,0.37,0.19,0.51,1.28,0.93,0.65,0.15,-1.11,-1.35,-0.92,0.02,-0.91,0.36,-0.48,1.5,2.06,1.79,0.75,0.75,-0.13,-1.06,-0.85,-0.34,-0.51,-0.55,-1.06,0.01,-0.01,-0.79,0.39,-0.43,-0.25,0.37,0.19,0.51,1.28,0.93,0.65,-1.47,1.45,1.24,1.27,1.55,1.47,1.3,0.83,1.36,0.07,0.26,-0.8,0.22,-1.37,0.08,-0.62,-1.47,1.45,1.24,1.27,1.55,1.47,1.3,0.83
87,HERSGPKRGEHAWTHRLRER,ncv-40,-1,-0.43,-0.25,0.37,0.19,0.51,1.28,0.93,0.65,-1.18,0.4,0.1,0.36,-2.16,-0.17,0.91,0.02,-1.47,1.45,1.24,1.27,1.55,1.47,1.3,0.83,-0.67,-0.86,-1.07,-0.41,-0.32,0.27,-0.64,0.11,-0.2,-1.53,-2.63,2.28,-0.53,-1.18,2.01,-1.34,0.22,-0.17,-0.5,0.05,-0.01,-1.34,-0.19,3.56,-1.17,0.7,0.7,0.8,1.64,0.67,1.63,0.13,-1.47,1.45,1.24,1.27,1.55,1.47,1.3,0.83,-0.2,-1.53,-2.63,2.28,-0.53,-1.18,2.01,-1.34,-1.18,0.4,0.1,0.36,-2.16,-0.17,0.91,0.02,-0.43,-0.25,0.37,0.19,0.51,1.28,0.93,0.65,0.15,-1.11,-1.35,-0.92,0.02,-0.91,0.36,-0.48,1.5,2.06,1.79,0.75,0.75,-0.13,-1.06,-0.85,-0.34,-0.51,-0.55,-1.06,0.01,-0.01,-0.79,0.39,-0.43,-0.25,0.37,0.19,0.51,1.28,0.93,0.65,-1.47,1.45,1.24,1.27,1.55,1.47,1.3,0.83,1.36,0.07,0.26,-0.8,0.22,-1.37,0.08,-0.62,-1.47,1.45,1.24,1.27,1.55,1.47,1.3,0.83,-1.18,0.4,0.1,0.36,-2.16,-0.17,0.91,0.02,-1.47,1.45,1.24,1.27,1.55,1.47,1.3,0.83
88,RSGPKRGEHAWTHRLRERKQ,ncv-41,-1,-1.47,1.45,1.24,1.27,1.55,1.47,1.3,0.83,-0.67,-0.86,-1.07,-0.41,-0.32,0.27,-0.64,0.11,-0.2,-1.53,-2.63,2.28,-0.53,-1.18,2.01,-1.34,0.22,-0.17,-0.5,0.05,-0.01,-1.34,-0.19,3.56,-1.17,0.7,0.7,0.8,1.64,0.67,1.63,0.13,-1.47,1.45,1.24,1.27,1.55,1.47,1.3,0.83,-0.2,-1.53,-2.63,2.28,-0.53,-1.18,2.01,-1.34,-1.18,0.4,0.1,0.36,-2.16,-0.17,0.91,0.02,-0.43,-0.25,0.37,0.19,0.51,1.28,0.93,0.65,0.15,-1.11,-1.35,-0.92,0.02,-0.91,0.36,-0.48,1.5,2.06,1.79,0.75,0.75,-0.13,-1.06,-0.85,-0.34,-0.51,-0.55,-1.06,0.01,-0.01,-0.79,0.39,-0.43,-0.25,0.37,0.19,0.51,1.28,0.93,0.65,-1.47,1.45,1.24,1.27,1.55,1.47,1.3,0.83,1.36,0.07,0.26,-0.8,0.22,-1.37,0.08,-0.62,-1.47,1.45,1.24,1.27,1.55,1.47,1.3,0.83,-1.18,0.4,0.1,0.36,-2.16,-0.17,0.91,0.02,-1.47,1.45,1.24,1.27,1.55,1.47,1.3,0.83,-1.17,0.7,0.7,0.8,1.64,0.67,1.63,0.13,-0.96,0.12,0.18,0.16,0.09,0.42,-0.2,-0.41
89,GPKRGEHAWTHRLRERKQLV,ncv-42,-1,-0.2,-1.53,-2.63,2.28,-0.53,-1.18,2.01,-1.34,0.22,-0.17,-0.5,0.05,-0.01,-1.34,-0.19,3.56,-1.17,0.7,0.7,0.8,1.64,0.67,1.63,0.13,-1.47,1.45,1.24,1.27,1.55,1.47,1.3,0.83,-0.2,-1.53,-2.63,2.28,-0.53,-1.18,2.01,-1.34,-1.18,0.4,0.1,0.36,-2.16,-0.17,0.91,0.02,-0.43,-0.25,0.37,0.19,0.51,1.28,0.93,0.65,0.15,-1.11,-1.35,-0.92,0.02,-0.91,0.36,-0.48,1.5,2.06,1.79,0.75,0.75,-0.13,-1.06,-0.85,-0.34,-0.51,-0.55,-1.06,0.01,-0.01,-0.79,0.39,-0.43,-0.25,0.37,0.19,0.51,1.28,0.93,0.65,-1.47,1.45,1.24,1.27,1.55,1.47,1.3,0.83,1.36,0.07,0.26,-0.8,0.22,-1.37,0.08,-0.62,-1.47,1.45,1.24,1.27,1.55,1.47,1.3,0.83,-1.18,0.4,0.1,0.36,-2.16,-0.17,0.91,0.02,-1.47,1.45,1.24,1.27,1.55,1.47,1.3,0.83,-1.17,0.7,0.7,0.8,1.64,0.67,1.63,0.13,-0.96,0.12,0.18,0.16,0.09,0.42,-0.2,-0.41,1.36,0.07,0.26,-0.8,0.22,-1.37,0.08,-0.62,0.76,-0.92,0.17,-1.91,0.22,-1.4,-0.24,-0.03
90,PKRGEHAWTHRLRERKQLVI,ncv-43,-1,0.22,-0.17,-0.5,0.05,-0.01,-1.34,-0.19,3.56,-1.17,0.7,0.7,0.8,1.64,0.67,1.63,0.13,-1.47,1.45,1.24,1.27,1.55,1.47,1.3,0.83,-0.2,-1.53,-2.63,2.28,-0.53,-1.18,2.01,-1.34,-1.18,0.4,0.1,0.36,-2.16,-0.17,0.91,0.02,-0.43,-0.25,0.37,0.19,0.51,1.28,0.93,0.65,0.15,-1.11,-1.35,-0.92,0.02,-0.91,0.36,-0.48,1.5,2.06,1.79,0.75,0.75,-0.13,-1.06,-0.85,-0.34,-0.51,-0.55,-1.06,0.01,-0.01,-0.79,0.39,-0.43,-0.25,0.37,0.19,0.51,1.28,0.93,0.65,-1.47,1.45,1.24,1.27,1.55,1.47,1.3,0.83,1.36,0.07,0.26,-0.8,0.22,-1.37,0.08,-0.62,-1.47,1.45,1.24,1.27,1.55,1.47,1.3,0.83,-1.18,0.4,0.1,0.36,-2.16,-0.17,0.91,0.02,-1.47,1.45,1.24,1.27,1.55,1.47,1.3,0.83,-1.17,0.7,0.7,0.8,1.64,0.67,1.63,0.13,-0.96,0.12,0.18,0.16,0.09,0.42,-0.2,-0.41,1.36,0.07,0.26,-0.8,0.22,-1.37,0.08,-0.62,0.76,-0.92,0.17,-1.91,0.22,-1.4,-0.24,-0.03,1.27,-0.14,0.3,-1.8,0.3,-1.61,-0.16,-0.13
91,RGEHAWTHRLRERKQLVIYE,ncv-44,-1,-1.47,1.45,1.24,1.27,1.55,1.47,1.3,0.83,-0.2,-1.53,-2.63,2.28,-0.53,-1.18,2.01,-1.34,-1.18,0.4,0.1,0.36,-2.16,-0.17,0.91,0.02,-0.43,-0.25,0.37,0.19,0.51,1.28,0.93,0.65,0.15,-1.11,-1.35,-0.92,0.02,-0.91,0.36,-0.48,1.5,2.06,1.79,0.75,0.75,-0.13,-1.06,-0.85,-0.34,-0.51,-0.55,-1.06,0.01,-0.01,-0.79,0.39,-0.43,-0.25,0.37,0.19,0.51,1.28,0.93,0.65,-1.47,1.45,1.24,1.27,1.55,1.47,1.3,0.83,1.36,0.07,0.26,-0.8,0.22,-1.37,0.08,-0.62,-1.47,1.45,1.24,1.27,1.55,1.47,1.3,0.83,-1.18,0.4,0.1,0.36,-2.16,-0.17,0.91,0.02,-1.47,1.45,1.24,1.27,1.55,1.47,1.3,0.83,-1.17,0.7,0.7,0.8,1.64,0.67,1.63,0.13,-0.96,0.12,0.18,0.16,0.09,0.42,-0.2,-0.41,1.36,0.07,0.26,-0.8,0.22,-1.37,0.08,-0.62,0.76,-0.92,0.17,-1.91,0.22,-1.4,-0.24,-0.03,1.27,-0.14,0.3,-1.8,0.3,-1.61,-0.16,-0.13,0.61,1.6,1.17,0.73,0.53,0.25,-0.96,-0.52,-1.18,0.4,0.1,0.36,-2.16,-0.17,0.91,0.02
92,GEHAWTHRLRERKQLVIYEE,ncv-45,-1,-0.2,-1.53,-2.63,2.28,-0.53,-1.18,2.01,-1.34,-1.18,0.4,0.1,0.36,-2.16,-0.17,0.91,0.02,-0.43,-0.25,0.37,0.19,0.51,1.28,0.93,0.65,0.15,-1.11,-1.35,-0.92,0.02,-0.91,0.36,-0.48,1.5,2.06,1.79,0.75,0.75,-0.13,-1.06,-0.85,-0.34,-0.51,-0.55,-1.06,0.01,-0.01,-0.79,0.39,-0.43,-0.25,0.37,0.19,0.51,1.28,0.93,0.65,-1.47,1.45,1.24,1.27,1.55,1.47,1.3,0.83,1.36,0.07,0.26,-0.8,0.22,-1.37,0.08,-0.62,-1.47,1.45,1.24,1.27,1.55,1.47,1.3,0.83,-1.18,0.4,0.1,0.36,-2.16,-0.17,0.91,0.02,-1.47,1.45,1.24,1.27,1.55,1.47,1.3,0.83,-1.17,0.7,0.7,0.8,1.64,0.67,1.63,0.13,-0.96,0.12,0.18,0.16,0.09,0.42,-0.2,-0.41,1.36,0.07,0.26,-0.8,0.22,-1.37,0.08,-0.62,0.76,-0.92,0.17,-1.91,0.22,-1.4,-0.24,-0.03,1.27,-0.14,0.3,-1.8,0.3,-1.61,-0.16,-0.13,0.61,1.6,1.17,0.73,0.53,0.25,-0.96,-0.52,-1.18,0.4,0.1,0.36,-2.16,-0.17,0.91,0.02,-1.18,0.4,0.1,0.36,-2.16,-0.17,0.91,0.02
93,AWTHRLRERKQLVIYEEISD,ncv-46,-1,0.15,-1.11,-1.35,-0.92,0.02,-0.91,0.36,-0.48,1.5,2.06,1.79,0.75,0.75,-0.13,-1.06,-0.85,-0.34,-0.51,-0.55,-1.06,0.01,-0.01,-0.79,0.39,-0.43,-0.25,0.37,0.19,0.51,1.28,0.93,0.65,-1.47,1.45,1.24,1.27,1.55,1.47,1.3,0.83,1.36,0.07,0.26,-0.8,0.22,-1.37,0.08,-0.62,-1.47,1.45,1.24,1.27,1.55,1.47,1.3,0.83,-1.18,0.4,0.1,0.36,-2.16,-0.17,0.91,0.02,-1.47,1.45,1.24,1.27,1.55,1.47,1.3,0.83,-1.17,0.7,0.7,0.8,1.64,0.67,1.63,0.13,-0.96,0.12,0.18,0.16,0.09,0.42,-0.2,-0.41,1.36,0.07,0.26,-0.8,0.22,-1.37,0.08,-0.62,0.76,-0.92,0.17,-1.91,0.22,-1.4,-0.24,-0.03,1.27,-0.14,0.3,-1.8,0.3,-1.61,-0.16,-0.13,0.61,1.6,1.17,0.73,0.53,0.25,-0.96,-0.52,-1.18,0.4,0.1,0.36,-2.16,-0.17,0.91,0.02,-1.18,0.4,0.1,0.36,-2.16,-0.17,0.91,0.02,1.27,-0.14,0.3,-1.8,0.3,-1.61,-0.16,-0.13,-0.67,-0.86,-1.07,-0.41,-0.32,0.27,-0.64,0.11,-1.15,0.67,-0.41,-0.01,-2.68,1.31,0.03,0.56
94,WTHRLRERKQLVIYEEISDP,ncv-47,-1,1.5,2.06,1.79,0.75,0.75,-0.13,-1.06,-0.85,-0.34,-0.51,-0.55,-1.06,0.01,-0.01,-0.79,0.39,-0.43,-0.25,0.37,0.19,0.51,1.28,0.93,0.65,-1.47,1.45,1.24,1.27,1.55,1.47,1.3,0.83,1.36,0.07,0.26,-0.8,0.22,-1.37,0.08,-0.62,-1.47,1.45,1.24,1.27,1.55,1.47,1.3,0.83,-1.18,0.4,0.1,0.36,-2.16,-0.17,0.91,0.02,-1.47,1.45,1.24,1.27,1.55,1.47,1.3,0.83,-1.17,0.7,0.7,0.8,1.64,0.67,1.63,0.13,-0.96,0.12,0.18,0.16,0.09,0.42,-0.2,-0.41,1.36,0.07,0.26,-0.8,0.22,-1.37,0.08,-0.62,0.76,-0.92,0.17,-1.91,0.22,-1.4,-0.24,-0.03,1.27,-0.14,0.3,-1.8,0.3,-1.61,-0.16,-0.13,0.61,1.6,1.17,0.73,0.53,0.25,-0.96,-0.52,-1.18,0.4,0.1,0.36,-2.16,-0.17,0.91,0.02,-1.18,0.4,0.1,0.36,-2.16,-0.17,0.91,0.02,1.27,-0.14,0.3,-1.8,0.3,-1.61,-0.16,-0.13,-0.67,-0.86,-1.07,-0.41,-0.32,0.27,-0.64,0.11,-1.15,0.67,-0.41,-0.01,-2.68,1.31,0.03,0.56,0.22,-0.17,-0.5,0.05,-0.01,-1.34,-0.19,3.56
